CO2_2949120ppm
      708.000
         1  289.1516  289.1516  289.1516  215.6154  215.6154  215.6154  106.4421  106.4421  106.4421  131.5806  131.5806  131.5806   -0.8554   -0.8554   -0.8554   10.4879   10.4879   10.4879  109.1733  109.1733  109.1733   98.6854   98.6854   98.6854
         2  293.0016  290.9788  290.9788  226.7350  220.8925  220.8925  107.1244  106.7659  106.7659  142.9640  136.9829  136.9829    0.0803   -0.4113   -0.4113   13.0514   11.7045   11.7045  119.6105  114.1266  114.1266  106.5592  102.4221  102.4221
         3  295.7432  292.6198  292.6198  227.8935  223.3040  223.3040  106.9481  106.8287  106.8287  146.5650  140.2834  140.2834   -0.9548   -0.5985   -0.5985   12.6310   12.0236   12.0236  120.9454  116.4753  116.4753  108.3144  104.4517  104.4517
         4  298.4709  294.0826  294.0826  224.3176  223.5574  223.5574  106.0930  106.6447  106.6447  142.9833  104.2873  142.1499   -0.8946   -0.4333   -0.6800   23.7120   14.9457   14.9457  118.2246  116.9126  116.9126   94.5125  101.9669  101.9669
         5  300.8266  295.4671  295.4671  218.8704  222.5952  222.5952  106.4358  106.6018  106.6018  136.3889   81.5235  140.9672   -1.3337   -0.4345   -0.8142   36.5539   19.3818   19.3818  112.4346  115.9933  115.9933   75.8807   96.6115   96.6115
         6  303.1659  296.7432  296.7432  214.7303  221.2916  221.2916  106.4685  106.5797  106.5797  130.6227   67.0237  139.9743   -2.4555   -0.5546   -1.0998   45.9017   23.7774   23.7774  108.2618  114.7118  114.7118   62.3601   90.9344   90.9344
         7  305.3608  298.0033  298.0033  215.9821  220.5152  220.5152  108.0067  106.7884  106.7884  128.9194   56.9740  138.3578   -3.4851   -0.6241   -1.4486   41.5908   26.3822   26.3822  107.9754  113.7268  113.7268   66.3846   87.3446   87.3446
         8  307.3258  299.1926  299.1926  219.0886  220.3332  220.3332  109.2887  107.1074  107.1074  128.5970   49.6646  137.1126   -4.0705   -0.6192   -1.7831   42.2896   28.4115   28.4115  109.7998  113.2258  113.2258   67.5102   84.8143   84.8143
         9  308.9345  300.2631  300.2631  223.4770  220.6787  220.6787  111.2967  107.5677  107.5677  130.0690   58.5003  136.3386   -4.4782   -1.0432   -2.0793   37.7968   29.4429   29.4429  112.1803  113.1109  113.1109   74.3835   83.6680   83.6680
        10  310.1848  301.2749  301.2749  225.5454  221.1750  221.1750  113.1504  108.1370  108.1370  130.0905   65.8006  135.7014   -4.4555   -1.3912   -2.3216   34.0954   29.9173   29.9173  112.3950  113.0379  113.0379   78.2995   83.1206   83.1206
        11  311.2885  302.1743  302.1743  229.1864  221.8946  221.8946  114.3251  108.6928  108.6928  131.5299   60.0239  135.7205   -4.3949   -1.2606   -2.5210   29.6920   29.8971   29.8971  114.8612  113.2017  113.2017   85.1693   83.3046   83.3046
        12  312.6910  303.0675  303.0675  233.7332  222.9000  222.9000  115.5855  109.2783  109.2783  133.5446   66.2682  135.5357   -4.4858   -1.5345   -2.6878   32.4662   30.1153   30.1153  118.1477  113.6217  113.6217   85.6815   83.5065   83.5065
        13  314.3641  305.2088  303.9518  235.4998  224.5888  223.8864  116.5243  110.1345  109.8455  132.1061   66.3128  135.2673   -4.9261   -1.8803   -2.8630   39.2141   32.5550   30.8276  118.9754  114.4543  114.0408   79.7613   81.8992   83.2133
        14  315.9186  306.9669  304.7421  229.7681  224.8215  224.2748  118.1787  110.9826  110.3958  124.2009   64.8734  134.5365   -5.2236   -2.2871   -3.0189   46.4880   35.1200   31.8617  111.5893  113.8389  113.8790   65.1014   78.7189   82.0172
        15  317.5202  308.8164  305.6127  227.4331  224.7824  224.4900  119.8328  112.0769  111.0388  121.4107   64.2631  133.6422   -5.6895   -2.4246   -3.2009   38.6707   37.3316   32.3256  107.6003  112.7055  113.4512   68.9296   75.3739   81.1255
        16  319.2192  310.5218  306.4543  221.7825  224.5740  224.3225  121.1970  113.3183  111.6671  116.4798   63.8443  132.8208   -5.6294   -2.4195   -3.3627   40.6329   38.7224   32.8395  100.5855  111.2557  112.6554   59.9526   72.5334   79.8159
        17  321.1399  312.2470  307.3366  218.0997  224.5086  223.9487  122.4815  114.6811  112.3168  113.4496   63.5869  131.6570   -5.5464   -2.4125   -3.4939   42.8159   39.2542   33.4389   95.6183  109.8275  111.6318   52.8023   70.5733   78.1930
        18  322.4718  313.8338  308.1682  216.6562  224.6669  223.5480  124.3903  116.1541  112.9802  109.8977   63.2853  130.6627   -6.3937   -2.4844   -3.6649   43.7575   39.0780   34.0058   92.2659  108.5128  110.5677   48.5084   69.4348   76.5620
        19  324.0715  315.4229  309.0226  215.0822  224.5904  223.0931  126.2177  117.7008  113.6914  106.4076   62.9888  129.3596   -7.2033   -2.5532   -3.8550   50.1483   39.8048   34.8731   88.8645  106.8896  109.4017   38.7162   67.0849   74.5286
        20  325.1360  316.9356  309.8442  218.3002  224.5235  222.8488  128.7782  119.3561  114.4606  107.0007   63.0392  128.2195   -8.0312   -2.6235   -4.0680   40.2757   39.6337   35.1485   89.5219  105.1674  108.3881   49.2463   65.5337   73.2396
        21  326.0541  318.3427  310.6064  220.7111  224.2961  222.7482  131.0792  120.9820  115.2421  108.0994   61.2335  127.2735   -7.5490   -2.8759   -4.2317   35.1807   39.4187   35.1501   89.6318  103.3141  107.5061   54.4511   63.8954   72.3561
        22  326.9201  319.7640  311.3624  226.0143  224.3360  222.8996  130.8352  122.4840  115.9646  113.1045   59.6686  126.6169   -7.8157   -3.1664   -4.3977   27.6345   38.8700   34.8018   95.1791  101.8519  106.9349   67.5446   62.9820   72.1331
        23  327.7350  321.1158  312.0651  231.8787  224.5572  223.2849  131.2500  123.8751  116.6206  116.5782   59.9636  126.3528   -7.8386   -3.1684   -4.5566   31.1111   38.9866   34.6434  100.6287  100.6822  106.6643   69.5176   61.6955   72.0209
        24  328.7473  322.4795  312.7735  235.5963  224.7155  223.8078  131.4999  125.2267  117.2525  118.3380   58.6721  126.0125   -8.2978   -3.4922   -4.7155   30.5111   38.8206   34.4679  104.0965   99.4888  106.5552   73.5854   60.6682   72.0873
        25  330.4018  323.8416  313.4916  236.8899  224.8335  224.3407  131.7947  126.5237  117.8449  117.9640   57.4710  125.6846   -9.6547   -3.8938   -4.9167   32.6860   38.2661   34.3953  105.0952   98.3099  106.4958   72.4091   60.0438   72.1004
        26  331.7624  325.0570  314.1400  233.3956  225.1118  224.6620  132.7243  127.6395  118.3729  112.7488   56.5925  125.2255  -10.1364   -4.2706   -5.1019   39.0734   37.6973   34.5614  100.6713   97.4723  106.2891   61.5979   59.7750   71.7277
        27  332.9420  326.3668  314.8508  228.7048  225.2198  224.8148  134.7638  128.9076  118.9926  107.3107   56.6188  124.5483   -9.7511   -4.4167   -5.2777   34.9873   37.3845   34.5775   93.9409   96.3122  105.8223   58.9536   58.9277   71.2448
        28  334.3418  327.6097  315.5387  224.5922  225.4507  224.8070  136.5068  130.1660  119.6107  103.5991   56.3036  123.9308   -8.6022   -4.3191   -5.4052   40.2633   37.3541   34.7781   88.0854   95.2848  105.1963   47.8221   57.9307   70.4181
        29  335.7233  328.8483  316.2489  222.1338  225.7934  224.7129  137.3232  131.4265  120.2340  101.1222   56.0932  123.1282   -8.3745   -4.2998   -5.5096   40.6355   37.1689   34.9842   84.8105   94.3669  104.4789   44.1751   57.1980   69.4947
        30  336.8783  330.0324  316.9283  219.4084  226.0196  224.5382  138.4793  132.5845  120.8348   97.6092   55.7949  122.3950   -9.2968   -4.3781   -5.6446   44.8738   37.2607   35.3099   80.9291   93.4351  103.7034   36.0553   56.1744   68.3935
        31  337.6718  331.1875  317.6109  216.8960  226.1736  224.2867  141.1556  133.8532  121.5035   93.0933   55.4113  121.4307   -9.4981   -4.3952   -5.7714   57.8244   37.9126   36.0508   75.7404   92.3204  102.7832   17.9159   54.4078   66.7324
        32  337.8069  332.2636  318.2544  214.6755  225.8658  223.9805  146.3058  135.3418  122.2937   89.6654   55.1202  120.4186   -9.9484   -4.4335   -5.9044   49.9933   38.7380   36.4950   68.3697   90.5240  101.6868   18.3764   51.7860   65.1917
        33  338.0380  333.2486  318.8461  219.4512  225.7622  223.8450  148.8645  136.8036  123.0885   93.3317   53.9064  119.6085  -10.0499   -4.6390   -6.0284   29.8715   38.3016   36.2969   70.5867   88.9586  100.7566   40.7152   50.6570   64.4596
        34  338.6908  334.2483  319.4410  226.4077  225.7957  223.9219  149.6083  138.3981  123.8836  100.5450   52.5447  119.0369  -10.5314   -4.8677   -6.1634   17.1945   37.4149   35.7242   76.7994   87.3976  100.0383   59.6048   49.9827   64.3141
        35  339.8245  335.2420  320.0157  235.8134  226.1190  224.2572  144.7261  139.5057  124.4712  107.9074   53.1700  118.8245   -9.7255   -4.7993   -6.2730   21.0460   36.5876   35.3104   91.0873   86.6134   99.7859   70.0413   50.0257   64.4756
        36  341.0519  336.2870  320.6113  236.5062  226.1963  224.6039  144.6400  140.6217  125.0422  107.8819   52.2819  118.5148  -10.0374   -4.9470   -6.3796   27.6880   36.3479   35.0946   91.8662   85.5746   99.5617   64.1783   49.2268   64.4671
        37  342.4493  337.3102  321.2125  238.0789  226.2973  224.9749  145.2121  141.7612  125.5975  106.6829   51.3238  118.1890  -11.2515   -5.0826   -6.5137   38.4734   36.8394   35.1876   92.8668   84.5361   99.3774   54.3933   47.6967   64.1898
        38  343.3795  338.2014  321.7504  235.2846  226.4422  225.2251  146.9216  142.8503  126.1149  101.9689   50.4968  117.7955  -11.5009   -5.1873   -6.6347   38.9511   36.8300   35.2789   88.3630   83.5919   99.1101   49.4119   46.7618   63.8312
        39  344.4184  339.1761  322.3434  230.7100  226.6125  225.3685  147.0181  143.8911  126.6618   96.8423   51.1064  117.2473  -10.4767   -5.2322   -6.7352   37.6568   37.0568   35.3411   83.6918   82.7214   98.7068   46.0351   45.6646   63.3657
        40  345.3398  340.0801  322.9112  228.3926  226.9249  225.4432  148.7985  144.9014  127.2083   94.3351   50.8934  116.7592   -9.9741   -5.1895   -6.8234   37.7259   36.8482   35.4000   79.5941   82.0235   98.2349   41.8682   45.1753   62.8349
        41  346.4691  340.9927  323.4973  225.6328  227.2221  225.4479  150.5838  146.0276  127.7899   91.5473   50.6567  116.1320   -9.9245   -5.1853   -6.9006   39.3366   36.7379   35.4979   75.0490   81.1944   97.6580   35.7123   44.4565   62.1601
        42  347.1204  341.8346  324.0527  220.7408  227.3316  225.3373  152.8224  147.2065  128.3784   86.8146   50.2547  115.5107  -11.1256   -5.2873   -7.0086   49.2657   37.0989   35.8216   67.9184   80.1250   96.9588   18.6526   43.0262   61.1372
        43  347.5967  342.6775  324.6111  218.4919  227.4671  225.1749  157.1478  148.5648  129.0608   82.9467   49.9262  114.7383  -10.9614   -5.2733   -7.1024   58.3377   37.1425   36.3557   61.3441   78.9024   96.1141    3.0064   41.7599   59.7584
        44  347.8416  343.5298  325.1494  222.6638  228.1456  225.1167  159.1602  149.6565  129.7582   84.6636   50.0720  114.0415  -11.4044   -5.3110   -7.2020   45.6165   36.7707   36.5703   63.5036   78.4891   95.3585   17.8870   41.7183   58.7883
        45  347.7233  344.3258  325.6444  225.1451  228.6136  225.1173  163.7172  150.8773  130.5029   85.8091   49.4537  113.4224  -11.2330   -5.4082   -7.2904   39.2926   37.5451   36.6300   61.4279   77.7363   94.6144   22.1353   40.1912   57.9845
        46  347.9474  345.1120  326.1386  229.9508  228.9145  225.2244  161.6614  151.9010  131.1933   90.6952   47.9919  112.9188  -11.2370   -5.5366   -7.3779   20.4174   37.8188   36.2707   68.2894   77.0135   94.0311   47.8721   39.1947   57.7604
        47  348.8472  345.8535  326.6153  236.9565  229.0085  225.4707  156.6117  152.8779  131.7269   96.4184   48.4780  112.6399  -10.9684   -5.5138   -7.4609   22.7416   37.9582   35.9867   80.3449   76.1306   93.7438   57.6033   38.1724   57.7571
        48  350.0797  346.6203  327.1136  240.2548  229.3268  225.7847  157.2182  153.9462  132.2682   98.0975   47.6469  112.3311  -12.5003   -5.7230   -7.5679   31.3703   38.2709   35.8887   83.0367   75.3807   93.5164   51.6663   37.1098   57.6278
        49  350.9456  347.3419  327.6090  239.4606  229.4442  226.0690  158.1442  155.0445  132.8062   95.4734   46.6949  111.9806  -13.3238   -5.8990   -7.6876   38.5267   38.2754   35.9435   81.3163   74.3997   93.2628   42.7896   36.1242   57.3193
        50  351.8896  347.9947  328.0566  235.3479  229.4490  226.2400  158.7840  155.9545  133.2850   90.7342   45.8331  111.5890  -13.8273   -6.0774   -7.8008   37.6326   38.1743   35.9746   76.5639   73.4945   92.9550   38.9313   35.3203   56.9803
        51  352.3966  348.6723  328.5434  233.5448  229.6898  226.3861  159.8501  157.0443  133.8163   87.3629   46.0623  111.1044  -12.6456   -6.1828   -7.8977   38.4974   38.2457   36.0251   73.6948   72.6455   92.5698   35.1974   34.3998   56.5447
        52  353.0299  349.3044  329.0083  229.9930  229.8213  226.4546  161.9861  158.1283  134.3512   83.8487   45.7639  110.6400  -11.5170   -6.0870   -7.9737   40.2051   38.4494   36.1045   68.0068   71.6931   92.1034   27.8018   33.2436   55.9989
        53  354.0874  349.9514  329.4909  227.4918  229.9792  226.4746  164.1665  159.2819  134.9249   82.0591   45.6119  110.0900  -11.0027   -6.0433   -8.0320   40.0860   38.5131   36.1811   63.3253   70.6974   91.5496   23.2393   32.1843   55.3685
        54  354.7493  350.5785  329.9527  223.7630  230.2276  226.4250  166.5724  160.4120  135.5035   79.0556   45.3568  109.5708  -12.3263   -6.1557   -8.1180   46.8704   38.3162   36.3765   57.1906   69.8156   90.9215   10.3203   31.4994   54.5450
        55  355.0266  351.2095  330.4176  221.5494  230.4873  226.3346  172.4695  161.7133  136.1889   75.9641   45.0942  108.9477  -13.2851   -6.2372   -8.2138   57.3222   38.2300   36.7648   49.0799   68.7740   90.1457   -8.2423   30.5441   53.3809
        56  354.9788  351.8156  330.8647  223.2903  230.5405  226.2792  173.6911  162.9474  136.8715   76.3088   45.1235  108.3536  -12.2750   -6.1514   -8.2877   35.6546   37.3839   36.7446   49.5992   67.5931   89.4076   13.9446   30.2092   52.6630
        57  355.0970  352.4217  331.2841  226.9724  230.6907  226.2912  168.9443  163.3771  137.4267   79.1478   44.5760  107.8480  -11.5869   -6.1805   -8.3448   33.7418   36.9277   36.6927   58.0281   67.3137   88.8644   24.2862   30.3860   52.1718
        58  355.2482  353.0418  331.7053  232.8583  230.9377  226.4066  167.7024  163.8901  137.9588   82.8870   43.4267  107.4094  -11.8468   -6.2551   -8.4064   29.3287   37.6845   36.5632   65.1559   67.0475   88.4478   35.8272   29.3630   51.8845
        59  355.5987  353.5967  332.1048  237.1536  230.9539  226.5863  168.1469  164.8382  138.4636   85.9512   43.6870  107.0984  -12.8314   -6.3387   -8.4875   26.2149   37.9700   36.3902   69.0067   66.1156   88.1227   42.7918   28.1456   51.7325
        60  356.1196  354.1097  332.5127  241.0115  231.0181  226.8313  170.1146  165.9335  139.0013   87.3562   42.7747  106.7631  -13.6195   -6.4337   -8.5747   34.7621   38.2581   36.3625   70.8969   65.0846   87.8301   36.1348   26.8265   51.4675
        61  356.8459  354.6108  333.6627  240.3436  231.0931  227.2514  170.0334  166.9433  140.0814   85.2020   41.9023  105.9753  -15.1235   -6.5866   -8.8171   36.1841   38.0591   36.7990   70.3101   64.1498   87.1699   34.1260   26.0907   50.3709
        62  357.6278  355.0510  334.6542  240.3241  231.4749  227.4598  170.7521  167.8614  141.0576   82.8554   41.2979  105.0531  -16.1295   -6.7632   -9.0658   39.3528   38.1911   37.2025   69.5720   63.6134   86.4022   30.2191   25.4224   49.1997
        63  358.2810  355.5508  335.7164  236.3443  231.7126  227.6034  172.3628  168.9241  142.1688   79.7107   41.5869  103.9175  -14.2599   -6.9318   -9.2918   35.5016   37.9366   37.5910   63.9815   62.7885   85.4346   28.4799   24.8519   47.8436
        64  358.7976  356.0248  336.7082  232.0616  231.8826  227.7307  174.1228  169.9217  143.2871   76.9169   41.3496  102.7953  -11.8711   -6.7289   -9.4782   36.2043   37.6078   37.7964   57.9388   61.9610   84.4436   21.7346   24.3532   46.6472
        65  359.9629  356.5239  337.7126  230.1572  232.1090  227.9224  173.7458  170.7353  144.4304   76.3904   41.3049  101.7761  -12.0943   -6.7479   -9.6610   40.4533   37.6390   37.8626   56.4113   61.3737   83.4920   15.9580   23.7348   45.6294
        66  360.1894  356.9710  338.6500  224.6127  232.1788  228.0848  177.2122  171.6097  145.5933   72.9612   41.0136  100.7967  -12.9917   -6.8241   -9.8400   42.2639   37.2604   37.8028   47.4005   60.5691   82.4915    5.1367   23.3087   44.6887
        67  360.4576  357.4323  339.5859  223.2229  232.3210  228.2078  179.1461  172.1768  146.8017   70.9872   40.8460   99.8126  -13.2379   -6.8450  -10.0056   45.3547   36.2439   37.8668   44.0768   60.1442   81.4061   -1.2779   23.9002   43.5394
        68  359.9612  357.8554  340.4800  221.7345  232.1888  228.2528  185.3239  173.1648  148.0933   68.6126   40.6443   98.7937  -13.6958   -6.8839  -10.1691   39.8069   36.5966   37.8246   36.4105   59.0240   80.1595   -3.3963   22.4274   42.3349
        69  359.6445  358.2292  341.3136  228.0974  232.2813  228.3288  182.4757  174.2770  149.2634   71.8181   40.0419   97.8361  -12.8431   -6.9871  -10.3066   28.2738   36.1472   37.6680   45.6217   58.0043   79.0654   17.3479   21.8572   41.3974
        70  360.0289  358.6352  342.1602  233.6323  232.3470  228.4661  178.2543  175.1732  150.3692   76.3396   39.2255   96.9231  -12.7723   -6.9821  -10.4479   17.8305   35.1706   37.3918   55.3779   57.1739   78.0969   37.5475   22.0033   40.7051
        71  360.9391  359.0742  342.9764  239.4319  232.5343  228.6345  178.6609  176.0373  151.4268   80.0835   39.5435   96.0492  -13.7644   -7.0664  -10.6071   23.0314   34.9089   37.2823   60.7711   56.4970   77.2077   37.7396   21.5880   39.9255
        72  361.3314  359.5168  343.8026  243.2238  232.7222  228.7957  179.1898  176.8081  152.5072   81.4325   39.0404   95.1640  -15.1296   -7.1946  -10.7879   31.1565   34.6027   37.2600   64.0340   55.9141   76.2885   32.8775   21.3114   39.0285
        73  361.6515  359.9250  344.6059  241.7454  232.8412  228.9018  179.8468  177.6415  153.5828   79.2174   38.5321   94.2657  -15.9694   -7.2664  -10.9755   34.4405   34.4546   37.1789   61.8987   55.1997   75.3190   27.4582   20.7451   38.1401
        74  362.1969  360.2755  345.3159  237.8096  232.6483  229.0252  179.9884  178.3501  154.5311   75.6440   37.9789   93.5207  -17.0464   -7.3368  -11.1568   37.8905   34.3424   37.0470   57.8212   54.2983   74.4941   19.9307   19.9558   37.4471
        75  362.4957  360.6334  346.0799  235.5141  232.5779  229.1625  182.4081  179.2032  155.5941   73.1712   38.3661   92.7013  -15.5866   -7.4974  -11.3250   30.5246   33.9197   36.9087   53.1060   53.3746   73.5684   22.5814   19.4549   36.6598
        76  363.1098  360.9879  346.8014  232.7148  232.6315  229.3422  180.1093  179.6953  156.5625   72.1906   38.2828   91.9490  -13.5223   -7.3221  -11.4590   36.2310   33.9219   36.8363   52.6055   52.9362   72.7797   16.3745   19.0143   35.9434
        77  363.8049  361.3142  347.5260  228.2812  232.4722  229.5151  181.7199  180.3725  157.5688   70.7953   38.1643   91.2244  -12.2286   -7.2122  -11.5725   37.5218   33.6730   36.7464   46.5613   52.0997   71.9464    9.0396   18.4267   35.2001
        78  364.4865  361.6674  348.2167  225.4566  232.5416  229.6598  184.9490  181.0084  158.5642   69.2531   38.0333   90.5340  -13.4658   -7.3173  -11.6927   41.4259   33.6041   36.7080   40.5075   51.5331   71.0956   -0.9184   17.9290   34.3876
        79  364.7089  362.0284  348.9070  220.4976  232.3101  229.7518  191.2813  182.0391  159.6694   65.9847   37.7557   89.8474  -14.2196   -7.3813  -11.8118   37.4402   32.9319   36.4922   29.2163   50.2710   70.0824   -8.2239   17.3391   33.5902
        80  364.7968  362.4391  349.5807  224.5998  232.5535  229.8588  190.1783  182.4514  160.7124   66.9309   37.8361   89.1668  -13.5164   -7.3216  -11.9050   30.4935   32.1409   36.3260   34.4215   50.1021   69.1465    3.9280   17.9612   32.8204
        81  364.6678  362.8520  350.2154  229.3335  232.6550  230.0005  185.5401  182.7032  161.6076   69.0596   37.6094   88.5250  -13.1986   -7.3508  -11.9979   27.3831   32.0677   36.1978   43.7934   49.9518   68.3929   16.4103   17.8841   32.1951
        82  364.2177  363.2077  350.8490  232.4484  232.5545  230.1098  187.8561  183.5188  162.5762   69.6604   36.7241   87.7870  -12.9538   -7.2819  -12.0852   21.8494   32.4090   36.0996   44.5923   49.0358   67.5337   22.7429   16.6267   31.4341
        83  364.0342  363.4622  351.4457  237.1397  232.3661  230.1963  186.4477  184.1588  163.4836   72.4607   36.9619   87.0377  -13.6749   -7.3432  -12.1843   23.3268   32.4333   35.9716   50.6920   48.2073   66.7128   27.3652   15.7740   30.7412
        84  364.3612  363.7195  352.0506  241.5808  232.2266  230.2980  187.6581  184.8780  164.4375   74.2428   36.3513   86.2886  -14.7251   -7.3088  -12.2935   31.8635   32.4934   35.9946   53.9228   47.3486   65.8605   22.0593   14.8552   29.8659
        85  364.3832  363.9514  352.6279  241.8055  232.2317  230.3815  188.7058  185.6304  165.4042   72.9979   35.8231   85.5248  -16.8290   -7.3818  -12.4153   35.0157   32.5422   36.0341   53.0997   46.6013   64.9773   18.0839   14.0590   28.9431
        86  364.8166  364.1524  353.1350  239.9610  232.3967  230.4822  189.4689  186.3577  166.2748   70.9014   35.4593   84.8828  -17.2658   -7.3987  -12.5247   31.8766   32.0809   35.9237   50.4920   46.0390   64.2074   18.6154   13.9581   28.2837
        87  365.2721  364.3882  353.6842  232.0798  232.1050  230.5395  192.2303  187.1919  167.2510   67.9296   35.5441   84.2138  -15.6751   -7.5820  -12.6254   20.7710   31.2525   35.6823   39.8494   44.9131   63.2886   19.0785   13.6606   27.6064
        88  365.7385  364.6043  354.2003  230.8458  231.9514  230.6423  186.7821  187.7403  168.0774   68.2793   35.5738   83.6139  -12.9360   -7.3494  -12.6990   24.9054   30.3216   35.4298   44.0638   44.2111   62.5650   19.1583   13.8894   27.1352
        89  366.2721  364.8138  354.7192  226.8516  231.8300  230.7224  193.0782  188.7050  169.0245   66.3766   35.4122   83.0237  -12.7384   -7.3326  -12.7731   30.6808   29.7406   35.2607   33.7734   43.1250   61.6980    3.0926   13.3844   26.4373
        90  367.0011  365.0205  355.2144  224.0449  231.7140  230.7987  194.6229  189.5001  169.9474   65.1020   35.3039   82.4715  -13.4724   -7.3949  -12.8440   33.7900   29.1130   35.0785   29.4220   42.2138   60.8513   -4.3680   13.1008   25.7728
        91  366.8329  365.2009  355.7097  221.4965  231.7988  230.8768  195.8276  189.8862  170.8761   62.5622   35.0882   81.9529  -13.9804   -7.4381  -12.9202   33.9067   28.8129   34.6722   25.6689   41.9125   60.0008   -8.2378   13.0997   25.3286
        92  366.8736  365.3773  356.2034  223.3551  231.6931  231.0243  195.7384  190.3585  171.7157   62.6681   35.0972   81.4943  -13.2646   -7.3773  -12.9765   25.4617   28.3855   34.2555   27.6168   41.3346   59.3086    2.1551   12.9491   25.0530
        93  366.4761  365.5259  356.6710  225.0612  231.3419  231.1165  198.0760  191.3888  172.5247   62.6372   34.5693   80.9898  -13.1030   -7.3694  -13.0267   21.0797   27.8674   34.1110   26.9852   39.9531   58.5918    5.9055   12.0857   24.4808
        94  366.0635  365.6826  357.1359  231.0416  231.2225  231.1952  195.0390  191.9989  173.2964   65.4864   33.9770   80.3942  -12.9547   -7.3083  -13.0678   14.7271   27.2625   34.0691   36.0025   39.2236   57.8989   21.2754   11.9610   23.8298
        95  365.9326  365.8387  357.5651  236.2500  231.1493  231.2023  194.8172  192.6868  174.1198   68.3180   34.2175   79.7218  -13.7447   -7.3754  -13.1361   14.0185   26.4975   33.9536   41.4328   38.4625   57.0826   27.4143   11.9651   23.1290
        96  366.5091  366.0211  357.9975  239.7834  230.9967  231.2580  194.9121  193.3029  174.9738   69.8062   33.8407   79.0750  -14.5032   -7.3565  -13.2120   25.2438   25.9352   33.9121   44.8713   37.6938   56.2843   19.6275   11.7585   22.3723
        97  366.6705  366.2154  358.4089  239.3449  230.7877  231.2795  197.8421  194.0789  175.8677   68.4319   33.4529   78.4253  -16.0130   -7.2872  -13.2929   27.3607   25.2851   33.7233   41.5029   36.7088   55.4119   14.1422   11.4238   21.6886
        98  366.8029  366.3677  358.7683  235.1900  230.4217  231.2781  196.1350  194.5902  176.6228   65.7109   33.0547   77.8690  -15.7839   -7.1735  -13.3586   26.5342   24.8753   33.5328   39.0550   35.8315   54.6554   12.5209   10.9562   21.1226
        99  366.9032  366.5063  359.1502  230.8942  230.3210  231.2812  196.5137  194.9540  177.4635   64.2914   33.1926   77.3161  -15.5317   -7.3661  -13.4444   16.8427   24.5416   33.1792   34.3804   35.3670   53.8177   17.5377   10.8254   20.6385
       100  367.3143  366.6358  359.5114  227.9690  230.0846  231.2742  198.2435  195.8960  178.2763   63.4107   33.1178   76.7908  -13.5617   -7.1988  -13.5054   18.1998   23.9905   32.8582   29.7255   34.1885   52.9980   11.5256   10.1980   20.1397
       101  367.7977  366.7654  359.8737  224.2560  229.8641  231.2508  198.8284  196.3844  179.0958   62.7912   33.0652   76.3023  -12.5301   -7.1111  -13.5496   19.9271   23.0771   32.5286   25.4276   33.4797   52.1551    5.5004   10.4025   19.6265
       102  368.2578  366.8687  360.2212  221.0537  229.6183  231.2560  201.1682  196.9224  179.8905   60.9452   32.9084   75.8629  -13.7347   -7.2134  -13.5940   29.8534   22.7536   32.2094   19.8855   32.6959   51.3655   -9.9679    9.9423   19.1561
       103  368.6491  367.0229  360.5788  214.7281  229.0434  231.1921  206.1078  197.7955  180.7222   57.5825   32.6228   75.4320  -15.3055   -7.3469  -13.6677   26.2461   22.1030   31.6643    8.6203   31.2479   50.4699  -17.6258    9.1449   18.8056
       104  368.7517  367.1824  360.9340  223.5918  229.0635  231.2078  203.2271  198.4315  181.4707   61.1307   32.9241   75.0323  -13.9461   -7.2314  -13.7109   14.2826   21.1535   31.1321   20.3647   30.6320   49.7372    6.0821    9.4784   18.6051
       105  369.1797  367.4047  361.2867  227.6437  229.2758  231.2489  198.7787  198.4893  182.0471   63.6066   33.0038   74.6673  -13.3604   -7.2525  -13.7459   11.1470   20.3371   30.6694   28.8650   30.7865   49.2019   17.7180   10.4493   18.5325
       106  368.4988  367.6115  361.6357  229.0756  229.1088  231.2341  200.5335  198.9559  182.7074   62.8722   32.5413   74.1947  -13.5889   -7.2393  -13.7858   13.0530   20.1949   30.5443   28.5421   30.1528   48.5267   15.4891    9.9579   17.9824
       107  367.7285  367.7591  361.9462  235.9713  229.0859  231.2179  200.7280  199.4417  183.4326   65.2492   32.7432   73.6653  -14.1258   -7.2849  -13.8395   21.1086   20.7777   30.5175   35.2434   29.6441   47.7853   14.1348    8.8664   17.2678
       108  367.5357  367.8463  362.2427  241.0353  229.1922  231.2311  203.1251  200.1393  184.2124   66.6876   32.4783   73.1317  -14.4912   -7.2839  -13.8733   25.8653   20.8305   30.4240   37.9102   29.0529   47.0188   12.0449    8.2224   16.5948
       109  367.6092  367.9260  362.5257  239.3815  229.1953  231.2297  201.2304  200.4270  184.9443   65.3693   32.2182   72.6204  -15.1965   -7.2145  -13.9051   27.4276   20.8362   30.2354   38.1511   28.7682   46.2856   10.7235    7.9321   16.0501
       110  367.7787  368.0009  362.7694  234.2196  229.1209  231.2124  199.5985  200.6927  185.5705   63.1113   32.0188   72.1966  -15.6740   -7.2061  -13.9334   22.1704   20.5014   29.9982   34.6211   28.4281   45.6421   12.4507    7.9267   15.6439
       111  367.8976  368.0854  363.0327  231.2789  229.1535  231.1740  202.9875  201.2426  186.3032   61.6217   32.0605   71.7593  -15.5945   -7.3461  -13.9835   15.1555   20.3581   29.6017   28.2915   27.9110   44.8708   13.1360    7.5528   15.2691
       112  368.4419  368.1780  363.2861  226.7276  229.0515  231.1203  201.6571  201.5231  186.9553   60.6335   31.9766   71.3650  -13.4546   -7.1644  -14.0164   13.9010   20.0048   29.1693   25.0705   27.5283   44.1650   11.1694    7.5236   14.9957
       113  369.1562  368.2934  363.5421  224.4187  229.0653  231.0681  203.0268  201.8797  187.6154   60.7755   31.9886   71.0034  -12.7726   -7.1065  -14.0465   16.7868   19.7381   28.7735   21.3918   27.1856   43.4527    4.6050    7.4475   14.6792
       114  369.9585  368.4332  363.7921  222.8612  229.2139  231.0532  205.5004  202.2358  188.2553   60.7954   31.9903   70.6933  -13.7405   -7.1887  -14.0705   19.8904   18.9192   28.3300   17.3608   26.9781   42.7980   -2.5296    8.0589   14.4680
       115  370.2851  368.5721  364.0512  221.1795  229.7618  231.0470  206.8805  202.3014  188.8398   59.0868   31.8452   70.4066  -14.3449   -7.2400  -14.0885   22.9286   18.6374   27.7458   14.2990   27.4604   42.2072   -8.6296    8.8230   14.4614
       116  369.9628  368.6750  364.3058  220.5939  229.5072  231.0011  208.6394  202.7611  189.4335   57.1926   31.6843   70.0819  -14.0963   -7.2189  -14.1195   20.5942   19.1735   27.4900   11.9545   26.7461   41.5678   -8.6396    7.5726   14.0778
       117  369.7049  368.7181  364.5459  225.8978  229.3637  230.9835  205.2683  203.2944  190.0306   59.5068   31.3474   69.7590  -13.6234   -7.2405  -14.1529   10.3085   19.1046   27.1048   20.6295   26.0692   40.9530   10.3211    6.9647   13.8482
       118  369.3984  368.7946  364.7863  230.1929  229.4586  230.9382  205.5693  203.7222  190.6738   61.1930   31.0029   69.3905  -13.9112   -7.2223  -14.1880    6.4785   18.5462   26.7167   24.6237   25.7364   40.2645   18.1451    7.1902   13.5478
       119  368.7911  368.8819  365.0031  234.0571  229.3012  230.8873  205.7809  204.1375  191.2924   62.4533   31.1099   68.9914  -14.1015   -7.2384  -14.2096   11.8097   17.7819   26.4799   28.2762   25.1638   39.5949   16.4665    7.3819   13.1151
       120  368.9120  368.9988  365.2205  237.3089  228.9848  230.8244  205.4189  204.3323  191.8921   63.6757   30.8541   68.5891  -14.0068   -7.1973  -14.2162   22.0621   17.4589   26.2641   31.8900   24.6525   38.9324    9.8279    7.1936   12.6682
       121  368.9205  369.1101  365.4255  237.1871  228.7984  230.7708  205.1885  204.6685  192.4893   63.0796   30.6596   68.2133  -14.9469   -7.1761  -14.2132   24.4578   17.2066   26.0649   31.9986   24.1299   38.2816    7.5408    6.9233   12.2166
       122  368.8598  369.1931  365.5979  232.7632  228.6867  230.6548  206.6566  205.2099  193.0402   59.8821   30.4119   67.8609  -15.1119   -7.1330  -14.1975   23.4385   17.3039   25.8208   26.1066   23.4768   37.6147    2.6680    6.1728   11.7939
       123  368.8572  369.2746  365.7775  230.9328  228.6573  230.5629  204.8403  205.3673  193.5918   60.1574   30.6637   67.5287  -14.5113   -7.1682  -14.2018   11.7425   17.0141   25.4172   26.0926   23.2900   36.9711   14.3501    6.2759   11.5539
       124  369.6735  369.3758  365.9563  227.3173  228.7058  230.4849  207.2351  205.8257  194.1362   59.8888   30.6409   67.2395  -13.5383   -7.0856  -14.2301    5.6251   16.3338   24.9145   20.0822   22.8800   36.3488   14.4571    6.5462   11.4343
       125  370.2375  369.4677  366.1309  223.9417  228.6652  230.3793  208.2871  206.2725  194.7229   59.3804   30.5977   66.9506  -12.8412   -7.0264  -14.2428    8.9860   15.6713   24.3800   15.6546   22.3927   35.6565    6.6686    6.7214   11.2765
       126  371.0577  369.5580  366.3095  223.6320  228.7286  230.3632  210.4093  206.6760  195.2686   59.6239   30.6184   66.7240  -13.1987   -7.0567  -14.2463   14.7899   15.2521   23.9284   13.2228   22.0526   35.0947   -1.5671    6.8005   11.1663
       127  371.2451  369.6396  366.4927  221.7110  228.7738  230.3375  209.6533  206.9115  195.7868   58.3358   30.5090   66.5091  -14.5033   -7.1675  -14.2678   20.5419   15.0494   23.5069   12.0577   21.8623   34.5508   -8.4842    6.8129   11.0439
       128  371.6831  369.7856  366.6919  218.6457  228.6083  230.2851  215.8254  207.5218  196.3049   56.6638   30.3670   66.3061  -15.4025   -7.2439  -14.2968   12.4209   14.3552   23.0417    2.8203   21.0865   33.9802   -9.6005    6.7313   10.9385
       129  371.2100  369.9094  366.8820  224.9964  228.5342  230.2341  209.3376  207.8563  196.7465   57.8119   30.2277   66.0759  -14.2536   -7.2957  -14.3200   10.3631   14.3597   22.7473   15.6588   20.6779   33.4877    5.2958    6.3182   10.7404
       130  370.8333  370.0312  367.0655  228.6057  228.3994  230.1487  207.9236  208.0562  197.2504   59.6965   29.9935   65.7932  -13.3613   -7.2328  -14.3300    2.0630   13.9847   22.4795   20.6821   20.3432   32.8983   18.6191    6.3585   10.4189
       131  370.1756  370.1450  367.2173  233.4706  228.3512  230.0507  209.0111  208.3217  197.7493   61.3194   30.1314   65.4745  -14.0298   -7.2896  -14.3345   11.3192   13.9444   22.2869   24.4595   20.0295   32.3014   13.1403    6.0851   10.0145
       132  370.0432  370.2411  367.3654  236.1534  228.2531  229.9306  208.8400  208.6123  198.2530   62.1286   30.0000   65.1466  -14.3893   -7.3221  -14.3219   17.5045   13.5573   22.0550   27.3134   19.6408   31.6777    9.8089    6.0835    9.6227
       133  370.1687  370.3471  367.5100  236.9743  228.2350  229.8496  210.2524  209.0424  198.7695   61.5761   29.8723   64.8469  -14.6572   -7.2975  -14.2997   20.5822   13.2281   21.8196   26.7219   19.1926   31.0802    6.1397    5.9645    9.2605
       134  370.2723  370.4555  367.6339  231.3816  228.1290  229.7510  209.2787  209.2435  199.2189   58.7489   29.7853   64.5877  -14.6580   -7.2627  -14.2630   23.0475   13.1981   21.5919   22.1029   18.8855   30.5322   -0.9446    5.6874    8.9403
       135  369.9959  370.5522  367.7613  228.4360  227.9169  229.6307  209.3939  209.6302  199.6773   57.6188   29.8665   64.3235  -13.9032   -7.1353  -14.2344    8.8631   12.9536   21.2240   19.0421   18.2867   29.9535   10.1790    5.3331    8.7296
       136  370.4797  370.6184  367.8825  225.7029  227.7842  229.5155  209.3981  209.8080  200.1587   58.2054   29.9163   64.0860  -12.9368   -7.0533  -14.2245    2.7989   12.7213   20.6744   16.3048   17.9762   29.3568   13.5059    5.2549    8.6824
       137  371.0800  370.6900  368.0060  224.0454  227.7931  229.4435  211.4117  210.0734  200.6631   58.4964   29.9410   63.8770  -12.8586   -7.0466  -14.2352    3.5357   12.2584   20.0971   12.6337   17.7196   28.7805    9.0980    5.4613    8.6834
       138  371.5780  370.7328  368.1226  220.8069  227.5609  229.3671  212.1967  210.2203  201.1110   57.7769   29.8799   63.6821  -13.8205   -7.1283  -14.2412   10.2427   11.8846   19.5845    8.6102   17.3405   28.2562   -1.6325    5.4559    8.6717
       139  371.8962  370.7880  368.2447  218.5236  227.2902  229.3335  212.1085  210.4288  201.4647   55.7051   29.7039   63.5075  -14.9265   -7.2222  -14.2532   22.2942   12.0335   19.3272    6.4151   16.8613   27.8689  -15.8792    4.8278    8.5416
       140  371.2090  370.7478  368.3536  216.9920  227.1497  229.2043  213.6303  210.2424  201.8631   53.3684   29.5055   63.2771  -14.7770   -7.2095  -14.2746   12.5394   12.0435   19.0223    3.3617   16.9073   27.3413   -9.1777    4.8637    8.3190
       141  371.3443  370.7588  368.4634  224.2253  227.0863  229.1203  210.4347  210.3326  202.2723   56.7427   29.4176   63.0746  -13.8312   -7.1748  -14.2850    3.5375   11.4825   18.6303   13.7905   16.7537   26.8481   10.2530    5.2712    8.2178
       142  370.9237  370.7665  368.5773  228.9915  227.1191  229.0616  210.3280  210.5368  202.6540   58.8482   29.2077   62.8910  -13.8132   -7.1564  -14.2996    2.6674   11.5339   18.3044   18.6635   16.5823   26.4076   15.9960    5.0484    8.1032
       143  370.1214  370.7620  368.6774  233.2406  227.1002  228.9975  211.8369  210.7690  203.0714   59.6168   29.2730   62.6728  -14.6117   -7.2242  -14.3155   11.8677   11.5790   18.1161   21.4037   16.3311   25.9262    9.5361    4.7522    7.8101
       144  369.9135  370.7510  368.7717  237.0476  227.1761  228.9205  211.5834  211.0021  203.4778   60.4797   29.1329   62.4390  -14.8668   -7.2648  -14.3179   18.5101   11.6644   17.8892   25.4643   16.1741   25.4428    6.9542    4.5097    7.5536
       145  370.2211  370.7555  368.8708  237.6354  227.2323  228.8497  211.5608  211.1132  203.8660   60.7184   29.0601   62.2304  -16.6890   -7.4374  -14.3156   18.1864   11.4609   17.6034   26.0745   16.1191   24.9837    7.8882    4.6582    7.3804
       146  370.0587  370.7390  368.9513  234.5886  227.4783  228.7673  211.2449  211.2640  204.2001   58.6760   29.0545   62.0429  -15.7796   -7.5234  -14.2928   17.0908   11.0039   17.3765   23.3437   16.2143   24.5672    6.2529    5.2103    7.1907
       147  370.3170  370.7664  369.0370  230.4771  227.6516  228.7401  212.1329  211.4966  204.5382   57.3537   29.3930   61.8632  -14.5994   -7.5083  -14.2745    6.9635   10.8426   17.1420   18.3442   16.1550   24.2019   11.3807    5.3124    7.0599
       148  370.9898  370.8083  369.1233  226.8511  227.7460  228.6744  213.0167  211.7941  204.9695   56.9837   29.3615   61.6714  -13.4709   -7.4125  -14.2836    6.0727   11.1117   16.8324   13.8344   15.9519   23.7050    7.7617    4.8403    6.8726
       149  371.5330  370.8467  369.2126  223.7113  227.7176  228.6210  213.8418  212.0004  205.3222   57.1114   29.3724   61.5140  -13.5997   -7.4234  -14.2982    4.6350   11.2050   16.3900    9.8696   15.7172   23.2990    5.2346    4.5121    6.9090
       150  372.3709  370.9119  369.3009  221.3960  227.7661  228.5775  214.9063  212.2232  205.6556   56.9146   29.3557   61.3749  -14.1150   -7.4672  -14.3091    9.0309   11.1054   15.9830    6.4897   15.5429   22.9220   -2.5412    4.4375    6.9390
       151  372.5165  370.9646  369.3974  220.9216  227.9697  228.5677  215.8696  212.5426  205.9960   55.5825   29.2425   61.2563  -14.6615   -7.5136  -14.3207   19.3247   10.8532   15.7353    5.0521   15.4271   22.5718  -14.2726    4.5739    6.8365
       152  372.0570  371.0367  369.4855  217.4127  228.0055  228.4668  219.4388  213.0359  206.3986   53.0973   29.0315   61.0938  -14.6133   -7.5095  -14.3436    9.5962   10.6033   15.4658   -2.0261   14.9695   22.0683  -11.6223    4.3663    6.6025
       153  371.6565  371.0623  369.5706  222.9554  227.9011  228.4322  214.6502  213.3824  206.6711   54.8517   28.8760   60.9658  -14.6812   -7.5794  -14.3695    1.3834   10.4262   15.1420    8.3052   14.5187   21.7612    6.9218    4.0925    6.6192
       154  371.5638  371.1167  369.6641  228.5862  227.8667  228.3905  213.0607  213.6145  206.9772   57.6752   28.7111   60.8331  -13.4883   -7.4840  -14.3786   -2.0198   10.0281   14.8576   15.5256   14.2522   21.4134   17.5454    4.2241    6.5558
       155  371.0807  371.1956  369.7487  233.4843  227.8867  228.3450  213.8370  213.7789  207.2898   59.4409   28.8611   60.6823  -14.2286   -7.5468  -14.3868    6.2503    9.5664   14.7299   19.6473   14.1078   21.0553   13.3970    4.5414    6.3254
       156  371.0794  371.2946  369.8263  237.3923  227.9160  228.3044  214.2758  214.0075  207.6187   60.5325   28.8656   60.5248  -14.6142   -7.5254  -14.3887   17.1878    9.4541   14.5930   23.1166   13.9084   20.6857    5.9288    4.4543    6.0927
       157  371.0196  371.3624  369.9002  236.8324  227.8477  228.2617  214.7170  214.2756  207.9054   59.0795   28.7264   60.3659  -15.5869   -7.4318  -14.3815   20.0247    9.6102   14.4684   22.1154   13.5722   20.3564    2.0907    3.9619    5.8880
       158  370.9788  371.4330  369.9643  230.8157  227.5583  228.1946  215.2937  214.5862  208.1993   56.9440   28.5935   60.2314  -15.1077   -7.3802  -14.3711    3.7976    8.5905   14.1196   15.5220   12.9721   19.9953   11.7244    4.3817    5.8758
       159  371.4177  371.5264  370.0410  231.2146  227.6210  228.2001  212.1040  214.5837  208.4641   57.7494   28.9886   60.1203  -15.1228   -7.4235  -14.3641    4.3024    8.3645   13.9066   19.1106   13.0372   19.7360   14.8082    4.6728    5.8294
       160  371.9745  371.6074  370.1176  227.2341  227.6524  228.1880  213.9394  214.6595  208.7222   57.0202   28.9267   60.0117  -13.8654   -7.3167  -14.3693    3.5121    8.1540   13.6651   13.2947   12.9929   19.4659    9.7827    4.8389    5.8008
       161  372.6565  371.7028  370.2001  224.8782  227.7515  228.1985  215.5636  214.8058  209.0064   56.9251   28.9186   59.9121  -13.2322   -7.2629  -14.3812    6.9552    8.3511   13.4448    9.3146   12.9457   19.1922    2.3594    4.5947    5.7474
       162  373.0190  371.7560  370.2784  221.0556  227.7236  228.1986  216.5935  214.9445  209.2600   55.9158   28.8329   59.8267  -13.5778   -7.2923  -14.3786   12.1007    8.6034   13.1529    4.4621   12.7791   18.9386   -7.6386    4.1757    5.7857
       163  373.3395  371.8259  370.3581  216.1858  227.3214  228.2233  221.2047  215.3976  209.5164   53.4528   28.6237   59.7565  -14.8232   -7.3981  -14.3704   14.6402    8.2055   12.9558   -5.0188   11.9237   18.7070  -19.6590    3.7182    5.7512
       164  372.6572  371.8769  370.4244  216.7943  227.2688  228.1079  220.9938  215.5297  209.8182   52.1151   28.5101   59.6034  -14.9008   -7.4047  -14.3866    6.0576    7.9050   12.8161   -4.1994   11.7392   18.2897  -10.2570    3.8342    5.4736
       165  372.5590  371.9511  370.4799  223.3419  227.3006  228.0371  212.6386  215.3643  210.0461   54.8595   28.5108   59.4596  -14.2038   -7.3654  -14.4005    4.5826    8.1679   12.7082   10.7034   11.9363   17.9912    6.1208    3.7684    5.2830
       166  372.0195  371.9898  370.5397  228.1735  227.2656  228.0218  214.5664  215.4922  210.2844   56.9317   28.2976   59.3587  -14.3055   -7.3720  -14.4126   -1.8442    8.1828   12.4551   13.6071   11.7733   17.7375   15.4513    3.5905    5.2823
       167  371.4994  372.0242  370.6017  233.3472  227.2543  227.9787  215.4685  215.6263  210.5267   58.7693   28.4537   59.2486  -13.5981   -7.3119  -14.4037    4.6932    8.0549   12.1853   17.8788   11.6280   17.4520   13.1855    3.5731    5.2667
       168  371.6655  372.0740  370.6718  236.4887  227.1775  227.9015  216.0613  215.7780  210.7465   59.8228   28.3934   59.1320  -14.1108   -7.2691  -14.3972   11.0345    7.5322   11.9334   20.4274   11.3996   17.1551    9.3929    3.8673    5.2217
       169  371.5400  372.1182  370.7386  234.6971  226.9962  227.8219  215.3698  215.8334  210.9867   58.5828   28.3512   59.0167  -14.3970   -7.1680  -14.3836   15.0371    7.1086   11.7229   19.3273   11.1628   16.8353    4.2902    4.0541    5.1124
       170  371.4624  372.1553  370.7951  229.8424  226.9215  227.7547  219.1644  216.1303  211.2868   55.3482   28.2288   58.8976  -14.5233   -7.1232  -14.3660   12.0761    7.7437   11.5680   10.6780   10.7912   16.4680   -1.3981    3.0475    4.8999
       171  371.6024  372.1710  370.8581  228.8369  226.7196  227.7133  210.5540  215.9987  211.4154   56.1925   28.5751   58.8054  -13.7592   -7.0263  -14.3348    6.5030    7.9306   11.4211   18.2829   10.7209   16.2980   11.7799    2.7903    4.8769
       172  372.2265  372.1917  370.9203  226.0462  226.6219  227.7021  216.1054  216.1767  211.6529   56.0312   28.5614   58.7272  -13.5373   -7.0074  -14.3362    0.6764    7.6975   11.2037    9.9408   10.4452   16.0493    9.2644    2.7477    4.8456
       173  372.5069  372.1790  370.9772  222.7694  226.4428  227.6740  216.2884  216.2383  211.8781   55.5684   28.5221   58.6388  -12.9545   -6.9579  -14.3393    3.5118    7.4051   10.9782    6.4811   10.2046   15.7960    2.9692    2.7995    4.8178
       174  373.2250  372.1959  371.0309  222.5326  226.5642  227.6686  218.0732  216.3599  212.0848   55.8783   28.5485   58.5553  -13.6615   -7.0179  -14.3379    8.6615    7.1224   10.7936    4.4594   10.2043   15.5839   -4.2021    3.0819    4.7903
       175  373.3326  372.1953  371.0827  220.0937  226.8961  227.6502  218.5875  216.1376  212.2837   54.3688   28.4202   58.4751  -14.6702   -7.1036  -14.3435   14.1047    7.0769   10.6437    1.5062   10.7585   15.3666  -12.5985    3.6816    4.7229
       176  373.1208  372.2347  371.1363  220.8922  227.2441  227.6553  218.6382  215.9375  212.4535   53.5419   28.3500   58.4131  -14.6706   -7.1037  -14.3532   12.0959    7.5898   10.4994    2.2540   11.3066   15.2018   -9.8419    3.7168    4.7025
       177  372.0773  372.1951  371.1754  222.0137  227.1350  227.5914  219.7133  216.5190  212.6910   52.8531   28.1851   58.3037  -13.8092   -7.0712  -14.3563    3.9162    7.5350   10.3943    2.3004   10.6160   14.9005   -1.6158    3.0810    4.5062
       178  371.4304  372.1451  371.2098  228.1345  227.1317  227.5564  215.5436  216.6020  212.8604   55.5474   27.9115   58.2078  -13.8204   -7.0901  -14.3547   -1.4882    7.5652   10.2589   12.5909   10.5297   14.6961   14.0792    2.9644    4.4372
       179  371.4749  372.1431  371.2539  232.1873  227.0363  227.5257  215.0219  216.5653  213.0123   57.8220   28.1046   58.1292  -13.9081   -7.0976  -14.3515    0.9767    7.2598   10.0809   17.1654   10.4710   14.5135   16.1887    3.2113    4.4326
       180  371.8871  372.1619  371.3045  234.8381  226.8961  227.4837  215.9339  216.5545  213.1909   58.2792   27.9735   58.0375  -14.5591   -7.1356  -14.3608   14.6345    7.5655    9.9547   18.9043   10.3417   14.2929    4.2698    2.7761    4.3382
       181  371.7447  372.1793  371.3524  232.6364  226.7211  227.4064  216.9507  216.6887  213.3907   56.2382   27.7744   57.9213  -15.2020   -7.2040  -14.3652   17.1373    7.7439    9.8304   15.6857   10.0324   14.0158   -1.4515    2.2885    4.1854
       182  371.8520  372.2092  371.3983  233.5226  227.0034  227.4181  215.2597  216.3892  213.5227   56.0470   27.8280   57.8624  -14.9657   -7.2380  -14.3629   11.3583    7.6888    9.6450   18.2629   10.6142   13.8955    6.9046    2.9254    4.2504
       183  372.1186  372.2530  371.4538  230.5281  227.1471  227.4112  215.5742  216.8156  213.7050   56.0015   28.0369   57.7919  -14.2469   -7.2020  -14.3584    1.2000    7.2384    9.4659   14.9540   10.3315   13.7063   13.7539    3.0931    4.2403
       184  372.3456  372.2628  371.4977  225.8506  227.1310  227.3871  216.2671  216.8289  213.8535   55.1483   27.9645   57.7113  -13.6572   -7.1519  -14.3605    1.8666    7.3363    9.4042    9.5835   10.3021   13.5337    7.7169    2.9659    4.1295
       185  373.1866  372.3205  371.5478  221.0396  226.9841  227.3378  217.4857  216.9306  214.0097   54.8175   27.9364   57.6338  -13.4521   -7.1345  -14.3708   -0.1324    7.0268    9.2493    3.5539   10.0535   13.3281    3.6864    3.0268    4.0789
       186  373.6039  372.3516  371.5896  220.5038  226.8174  227.2864  217.9256  216.9185  214.1333   55.4127   27.9869   57.5623  -13.9073   -7.1731  -14.3829    5.2019    6.7424    9.0917    2.5782    9.8989   13.1532   -2.6237    3.1565    4.0615
       187  373.7579  372.3878  371.6323  218.3142  226.6662  227.2287  218.3519  216.8984  214.2810   53.6251   27.8351   57.4823  -14.9219   -7.2593  -14.3900   11.7391    6.5415    8.9421   -0.0377    9.7678   12.9477  -11.7768    3.2263    4.0056
       188  373.6448  372.4323  371.6656  214.7127  226.1414  227.1619  222.9019  217.2606  214.4012   51.3167   27.6390   57.3914  -15.2647   -7.2884  -14.3876    8.7202    6.2548    8.8793   -8.1893    8.8808   12.7607  -16.9095    2.6261    3.8814
       189  373.4408  372.5443  371.7023  215.6653  225.6196  227.0085  220.4417  217.3204  214.5838   51.3162   27.5127   57.2847  -15.1374   -7.3976  -14.4022   -9.6865    5.1368    8.5497   -4.7764    8.2992   12.4248    4.9101    3.1624    3.8751
       190  373.3607  372.7083  371.7452  228.2967  225.6334  227.0032  213.9205  217.1826  214.6856   56.8953   27.4340   57.2371  -14.2323   -7.4251  -14.4170   -5.8509    4.7662    8.4153   14.3763    8.4508   12.3177   20.2272    3.6846    3.9024
       191  372.6517  372.8050  371.7859  232.7863  225.6826  226.9920  216.8459  217.3325  214.8144   57.9575   27.5242   57.1800  -14.2641   -7.4278  -14.4209    3.3467    4.9610    8.2842   15.9403    8.3501   12.1776   12.5936    3.3891    3.8934
       192  372.3813  372.8469  371.8257  235.6758  225.7538  226.9839  216.8560  217.4108  214.9506   58.3626   27.5313   57.1160  -14.3594   -7.4108  -14.4204   15.3510    5.0219    8.2476   18.8198    8.3430   12.0333    3.4689    3.3211    3.7857
       193  372.3046  372.8945  371.8619  237.0364  226.1275  226.9849  216.9453  217.4103  215.0643   58.0977   27.6892   57.0569  -15.2717   -7.4168  -14.4309   18.0840    5.1023    8.2052   20.0912    8.7171   11.9207    2.0071    3.6148    3.7155
       194  372.3271  372.9310  371.8934  233.6172  226.1347  227.0192  216.8420  217.5317  215.1803   56.3910   27.7156   57.0208  -16.0362   -7.4989  -14.4520   16.2501    5.4776    8.1009   16.7752    8.6030   11.8390    0.5251    3.1254    3.7381
       195  372.2943  372.9459  371.9325  229.2771  226.0285  227.0335  217.2146  217.6711  215.3132   55.0198   28.0301   56.9766  -14.7636   -7.4563  -14.4666    3.4431    5.6681    8.0088   12.0625    8.3574   11.7204    8.6194    2.6893    3.7116
       196  372.6152  372.9681  371.9676  225.4893  225.9988  227.0300  216.6548  217.7029  215.4324   54.6079   27.9952   56.9155  -14.3461   -7.4209  -14.4906   -0.1816    5.4997    7.9598    8.8345    8.2958   11.5976    9.0161    2.7961    3.6378
       197  373.2646  372.9747  372.0047  223.7955  226.2328  227.0258  217.1678  217.6759  215.5302   55.0629   28.0338   56.8572  -14.0082   -7.3922  -14.5101    2.9153    5.7586    7.9493    6.6277    8.5569   11.4956    3.7124    2.7983    3.5463
       198  373.6653  372.9797  372.0390  220.1120  226.2006  227.0143  221.1157  217.9381  215.6768   54.1979   27.9603   56.7964  -14.0461   -7.3954  -14.5139    5.4119    5.7758    7.8699   -1.0037    8.2625   11.3375   -6.4157    2.4867    3.4677
       199  373.9145  372.9931  372.0733  218.8393  226.2452  227.0197  220.2188  218.0967  215.8146   52.8783   27.8483   56.7484  -14.8263   -7.4617  -14.5122    9.1871    5.5591    7.6473   -1.3795    8.1485   11.2051  -10.5666    2.5895    3.5579
       200  373.7982  373.0061  372.1172  218.4326  226.5612  227.0442  220.6609  217.9064  215.9340   51.5567   27.7360   56.7176  -14.6345   -7.4454  -14.5098    7.0923    5.4208    7.5547   -2.2282    8.6548   11.1102   -9.3205    3.2340    3.5555
       201  373.6744  373.0253  372.1555  218.4991  226.7941  226.9500  220.5946  217.9189  216.1010   51.7542   27.7720   56.6356  -14.4494   -7.3888  -14.5200   -4.1202    5.8783    7.4288   -2.0956    8.8752   10.8491    2.0246    2.9968    3.4202
       202  373.2235  373.0136  372.1946  228.8945  226.8449  226.9484  214.5306  217.9707  216.1724   55.9625   27.6026   56.5866  -13.7453   -7.3447  -14.5188   -0.2187    6.3567    7.3798   14.3639    8.8741   10.7760   14.5826    2.5174    3.3962
       203  372.6037  373.0097  372.2354  232.4786  226.8196  226.9359  217.4476  218.0202  216.2646   56.8032   27.6740   56.5388  -13.8116   -7.3504  -14.5052    3.7056    6.3862    7.2456   15.0310    8.7994   10.6713   11.3254    2.4132    3.4256
       204  372.4580  373.0162  372.2786  235.6852  226.8204  226.9127  218.8004  218.1853  216.3872   57.4277   27.5946   56.4869  -13.9394   -7.3147  -14.4895   10.5259    5.9764    7.1100   16.8847    8.6350   10.5255    6.3588    2.6586    3.4155
       205  372.7804  373.0566  372.3221  234.9341  226.6418  226.8668  218.1203  218.2851  216.4987   56.8375   27.4875   56.4210  -13.8562   -7.1945  -14.4414   13.8053    5.6130    7.0356   16.8138    8.3567   10.3682    3.0085    2.7437    3.3326
       206  372.6477  373.0812  372.3618  231.2304  226.4587  226.8153  219.0928  218.4578  216.6191   55.2685   27.4014   56.3687  -14.4927   -7.0761  -14.4216   10.6122    5.1805    6.9362   12.1375    8.0009   10.1963    1.5254    2.8204    3.2601
       207  372.6142  373.1083  372.4008  226.4798  226.2211  226.7474  218.1424  218.5366  216.7211   53.4492   27.5622   56.3024  -14.0618   -7.0274  -14.4125    4.4503    5.2660    6.8935    8.3374    7.6845   10.0263    3.8871    2.4185    3.1328
       208  373.2698  373.1622  372.4383  226.1557  226.2759  226.7360  217.8737  218.6368  216.8010   54.8484   27.6810   56.2661  -13.4430   -6.9749  -14.4120   -4.1889    4.9366    6.7248    8.2821    7.6391    9.9350   12.4709    2.7025    3.2102
       209  373.8045  373.2080  372.4769  222.9892  226.2074  226.7237  219.8539  218.8649  216.9031   54.6483   27.6640   56.2243  -13.8541   -7.0098  -14.4163   -2.9948    4.4347    6.5952    3.1353    7.3425    9.8206    6.1301    2.9078    3.2254
       210  374.1949  373.2515  372.5069  221.0068  226.2810  226.7173  220.3622  218.8030  216.9928   54.1143   27.6186   56.1767  -13.9271   -7.0160  -14.4131    8.1018    4.6558    6.5800    0.6446    7.4780    9.7246   -7.4571    2.8222    3.1446
       211  374.2290  373.2783  372.5360  218.3326  226.2379  226.6733  221.1515  218.8822  217.0825   52.5237   27.4836   56.1248  -14.2515   -7.0436  -14.4062   10.7466    4.7882    6.4342   -2.8189    7.3557    9.5909  -13.5655    2.5675    3.1566
       212  374.2625  373.3177  372.5734  219.3103  226.3125  226.7056  219.3527  218.7711  217.0810   52.4675   27.4788   56.1141  -14.3625   -7.0530  -14.4019    6.7761    4.7614    6.3863   -0.0424    7.5414    9.6246   -6.8185    2.7800    3.2382
       213  373.6947  373.3193  372.6070  222.7782  226.6642  226.7027  217.9976  218.5576  217.1361   52.8762   27.5710   56.0816  -14.0295   -7.0185  -14.3912    4.9127    5.5038    6.4444    4.7806    8.1065    9.5666   -0.1321    2.6027    3.1223
       214  373.1561  373.3136  372.6340  228.9272  226.6670  226.7084  219.9632  219.0190  217.2533   54.5401   27.3788   56.0283  -14.2105   -7.0524  -14.4035    0.6017    5.5735    6.4889    8.9641    7.6479    9.4552    8.3624    2.0744    2.9663
       215  372.3220  373.2905  372.6544  230.7998  226.5290  226.6643  218.7960  219.1299  217.3348   54.7481   27.3965   55.9486  -13.8844   -7.0247  -14.3976    3.0141    5.5166    6.4357   12.0038    7.3991    9.3295    8.9897    1.8825    2.8938
       216  372.3518  373.2815  372.6760  234.3842  226.4185  226.6132  219.2672  219.1695  217.4196   56.1060   27.2842   55.8734  -13.9565   -7.0261  -14.3864    8.2505    5.3234    6.2839   15.1170    7.2490    9.1936    6.8665    1.9256    2.9098
       217  372.5189  373.2592  372.7015  232.0595  226.1743  226.5322  219.3293  219.2722  217.4980   54.3092   27.0695   55.7924  -14.9479   -7.1188  -14.3756   15.6958    5.4840    6.2104   12.7301    6.9022    9.0342   -2.9657    1.4182    2.8239
       218  372.6646  373.2606  372.7274  233.6263  226.3581  226.5753  217.2365  219.1298  217.5278   55.1329   27.0591   55.7646  -14.6013   -7.1272  -14.3678    9.4535    5.3951    6.2971   16.3898    7.2284    9.0475    6.9363    1.8333    2.7504
       219  372.7644  373.2733  372.7502  230.3645  226.6880  226.5608  218.3869  219.1506  217.6345   54.7475   27.2527   55.7136  -14.6237   -7.1493  -14.3593    4.9006    5.4333    6.3073   11.9776    7.5375    8.9264    7.0770    2.1042    2.6191
       220  372.9566  373.2476  372.7664  226.3788  226.7064  226.5468  218.7069  219.2191  217.7129   53.7633   27.1691   55.6583  -14.2360   -7.1164  -14.3656    0.0756    5.7838    6.2508    7.6719    7.4874    8.8339    7.5963    1.7035    2.5831
       221  373.5162  373.2231  372.7810  223.1873  226.7232  226.5181  220.5488  219.2781  217.7975   54.0300   27.1918   55.6091  -14.3956   -7.1300  -14.3854   -4.1723    5.6838    6.0618    2.6385    7.4452    8.7205    6.8108    1.7614    2.6588
       222  374.2883  373.2308  372.8018  222.3563  226.8341  226.5395  220.7338  219.3086  217.8656   54.8934   27.2651   55.5918  -14.3747   -7.1282  -14.3989    5.6390    5.4814    5.9556    1.6225    7.5256    8.6739   -4.0165    2.0442    2.7183
       223  374.6290  373.2647  372.8238  220.3556  227.0060  226.6103  221.2554  219.3174  217.8665   53.5144   27.1480   55.5928  -14.6508   -7.1516  -14.3960    7.8043    5.2315    5.8394   -0.8997    7.6885    8.7438   -8.7040    2.4570    2.9044
       224  374.3748  373.2743  372.8529  218.6431  226.9493  226.6417  223.4942  219.6692  217.9089   51.0508   26.9388   55.5747  -14.8843   -7.1715  -14.3957    2.8283    4.8962    5.7846   -4.8512    7.2801    8.7328   -7.6794    2.3839    2.9482
       225  373.5577  373.2630  372.8694  221.8996  226.8771  226.6180  220.6974  219.8911  218.0414   51.1460   26.7965   55.5137  -14.3959   -7.2016  -14.3989    4.7902    4.8861    5.7880    1.2022    6.9860    8.5766   -3.5880    2.0999    2.7886
       226  372.8592  373.2378  372.8836  226.9864  226.7122  226.5978  219.5196  219.8534  218.1255   53.0513   26.6524   55.4478  -13.6574   -7.1823  -14.3879   -2.9147    4.5875    5.7698    7.4668    6.8589    8.4723   10.3815    2.2714    2.7025
       227  372.5629  373.2576  372.9011  231.9269  226.8049  226.5745  219.1241  219.8804  218.1856   55.4092   26.8527   55.3907  -14.3968   -7.2451  -14.4014   -0.1074    4.3309    5.6909   12.8028    6.9245    8.3888   12.9102    2.5936    2.6979
       228  372.6397  373.2820  372.9176  235.9677  226.9394  226.5656  219.2051  219.8751  218.2390   57.0937   26.9366   55.3443  -14.3906   -7.2820  -14.4062    7.4830    4.2657    5.6306   16.7626    7.0643    8.3266    9.2795    2.7985    2.6960
       229  372.9203  373.3161  372.9411  236.2053  227.2915  226.5913  220.2726  219.9552  218.3223   56.8477   27.1522   55.3149  -14.6391   -7.2557  -14.4103   11.2801    3.8907    5.5668   15.9327    7.3363    8.2689    4.6526    3.4456    2.7022
       230  373.0214  373.3435  372.9650  231.1110  227.0985  226.6107  219.6990  220.1441  218.3305   54.2784   27.0866   55.2985  -14.6195   -7.2571  -14.4118   12.2508    4.1053    5.5694   11.4121    6.9544    8.2802   -0.8387    2.8491    2.7107
       231  372.7928  373.3459  372.9852  226.5145  226.7716  226.5713  219.3840  220.2288  218.4805   52.8221   27.2371   55.2412  -14.5187   -7.2261  -14.4247    1.7446    3.8372    5.4886    7.1305    6.5428    8.0907    5.3858    2.7055    2.6021
       232  373.2686  373.3715  373.0023  226.9532  226.8188  226.5862  218.6616  220.2251  218.5225   54.4575   27.3760   55.2145  -14.4857   -7.2233  -14.4408   -2.3397    3.6387    5.4390    8.2916    6.5937    8.0636   10.6314    2.9550    2.6246
       233  373.8941  373.4036  373.0259  222.3257  226.7456  226.5786  221.3549  220.2935  218.6086   53.4693   27.2920   55.1788  -13.6008   -7.1481  -14.4518   -3.0849    3.7311    5.3270    0.9708    6.4520    7.9700    4.0557    2.7210    2.6431
       234  374.5165  373.4223  373.0471  220.0343  226.5547  226.5376  222.6920  220.4545  218.6845   52.9614   27.2489   55.1293  -13.8116   -7.1660  -14.4543    5.0043    3.6789    5.2669   -2.6577    6.1003    7.8530   -7.6619    2.4213    2.5862
       235  374.6463  373.4239  373.0695  220.9245  226.6031  226.5517  226.1289  220.8684  218.8126   52.4087   27.2020   55.0960  -14.9711   -7.2645  -14.4594    3.5921    3.3212    5.0883   -5.2044    5.7347    7.7391   -8.7965    2.4135    2.6508
       236  374.7136  373.4526  373.0965  220.7368  226.7809  226.5491  217.2224  220.3357  218.7885   52.5754   27.2161   55.0796  -14.3179   -7.2090  -14.4534   11.4267    4.0514    5.0769    3.5145    6.4452    7.7605   -7.9123    2.3937    2.6835
       237  374.1356  373.5001  373.1303  221.2536  226.7278  226.5366  222.1452  220.4547  218.8285   51.6200   27.2551   55.0593  -14.5299   -7.2201  -14.4653    3.8808    3.9767    5.0763   -0.8916    6.2731    7.7080   -4.7724    2.2964    2.6316
       238  373.8215  373.5819  373.1710  227.9136  226.8065  226.5328  220.3877  220.5284  218.9108   53.7290   27.1124   55.0284  -14.4798   -7.2271  -14.4765   -0.4198    4.1886    5.0945    7.5258    6.2781    7.6220    7.9456    2.0895    2.5275
       239  373.0638  373.6231  373.1971  230.7872  226.7128  226.5098  220.1948  220.6164  218.9958   54.4722   27.1755   54.9715  -13.9117   -7.1789  -14.4766   -0.4356    4.1616    5.0713   10.5924    6.0964    7.5139   11.0280    1.9348    2.4426
       240  373.2017  373.6708  373.2194  235.4554  226.6693  226.5203  219.9483  220.6796  219.0640   56.4872   27.1240   54.9411  -13.5561   -7.1080  -14.4595    5.9863    4.0345    4.9244   15.5071    5.9898    7.4562    9.5207    1.9553    2.5318
       241  373.2989  373.7029  373.2458  234.9120  226.5595  226.5589  220.0128  220.6575  219.1160   56.1758   27.0669   54.9400  -14.2302   -7.0732  -14.4430   12.0063    4.0962    4.8372   14.8992    5.9020    7.4428    2.8929    1.8058    2.6056
       242  373.3394  373.7274  373.2687  229.7374  226.4541  226.5009  222.1245  220.8436  219.2214   53.3772   26.9978   54.8991  -14.2449   -7.0445  -14.4319    7.1298    3.7033    4.7723    7.6129    5.6105    7.2794    0.4831    1.9072    2.5071
       243  373.3938  373.7784  373.2903  224.6355  226.2945  226.4008  219.9565  220.8922  219.2958   52.3840   26.9815   54.8376  -14.3717   -7.0491  -14.4341   -1.8109    3.4014    4.7212    4.6790    5.4023    7.1049    6.4899    2.0010    2.3837
       244  373.7977  373.8219  373.3142  225.5597  226.1800  226.3960  218.9275  220.9141  219.3395   54.4874   27.1602   54.8264  -14.2057   -7.0350  -14.4434   -5.6596    3.1285    4.5975    6.6322    5.2659    7.0564   12.2918    2.1375    2.4589
       245  374.4837  373.8719  373.3362  222.3767  226.1843  226.4187  220.6941  220.8579  219.3941   53.9798   27.1171   54.8121  -13.8225   -7.0024  -14.4497    0.2340    3.4104    4.6037    1.6826    5.3264    7.0246    1.4487    1.9160    2.4209
       246  374.6792  373.8853  373.3539  221.6668  226.3185  226.4378  223.3620  220.9130  219.4834   53.6337   27.0877   54.7819  -13.9079   -7.0097  -14.4497    2.6867    3.2199    4.5624   -1.6952    5.4055    6.9544   -4.3819    2.1856    2.3920
       247  374.7262  373.8921  373.3704  218.9940  226.1545  226.4494  223.5682  220.6955  219.5720   51.6075   26.9156   54.7477  -14.8518   -7.0899  -14.4485    9.3625    3.7100    4.5220   -4.5742    5.4590    6.8773  -13.9368    1.7491    2.3553
       248  374.2484  373.8526  373.3806  216.6352  225.8062  226.4820  225.4887  221.3976  219.6159   50.1402   26.7910   54.7277  -15.0303   -7.1050  -14.4445    6.5054    3.2920    4.4844   -8.8535    4.4086    6.8660  -15.3589    1.1166    2.3817
       249  374.6750  373.8970  373.4009  221.4939  225.8259  226.5778  221.3722  221.3341  219.6313   52.0545   26.8267   54.7398  -14.9060   -7.1359  -14.4407   -4.2379    2.6247    4.5739    0.1217    4.4919    6.9465    4.3596    1.8672    2.3726
       250  374.1176  373.9221  373.4137  228.3828  225.8658  226.5793  219.2510  221.2375  219.7218   55.1236   26.8820   54.7097  -14.5060   -7.1864  -14.4454   -6.7324    2.0886    4.5590    9.1318    4.6283    6.8575   15.8642    2.5397    2.2985
       251  373.5316  373.9605  373.4282  230.5666  225.8477  226.5428  219.2671  221.1613  219.7616   55.1909   26.8877   54.6627  -14.2117   -7.1614  -14.4445    0.3424    2.1525    4.5096   11.2995    4.6864    6.7812   10.9570    2.5339    2.2716
       252  373.0527  373.9479  373.4396  235.9657  225.8910  226.5477  221.0832  221.2576  219.8334   56.5120   26.8898   54.6313  -14.7967   -7.2668  -14.4519    8.1193    2.3337    4.3867   14.8826    4.6334    6.7143    6.7633    2.2997    2.3275
       253  373.1796  373.9377  373.4545  234.6498  225.8687  226.5072  220.4857  221.2978  219.8935   55.3166   26.8168   54.5840  -14.6590   -7.3032  -14.4415   15.0282    2.5903    4.3348   14.1641    4.5709    6.6136   -0.8641    1.9806    2.2788
       254  373.3295  373.9370  373.4699  232.3730  226.0709  226.4881  221.6273  221.2597  219.9670   54.3022   26.8878   54.5520  -14.6301   -7.3327  -14.4199    7.2097    2.5965    4.1961   10.7457    4.8113    6.5211    3.5360    2.2148    2.3250
       255  373.1756  373.9185  373.4848  230.3613  226.5572  226.5065  221.0485  221.3524  220.0321   53.7159   27.1915   54.5299  -15.1608   -7.3438  -14.4267    4.0634    3.0954    4.2067    9.3128    5.2048    6.4744    5.2494    2.1094    2.2677
       256  373.8033  373.9189  373.5044  225.8118  226.5779  226.5118  220.9354  221.5174  220.1024   53.2717   27.1538   54.5072  -14.5814   -7.2946  -14.4307   -2.9343    3.3194    4.1614    4.8764    5.0605    6.4093    7.8107    1.7411    2.2479
       257  374.3518  373.9077  373.5229  223.3268  226.6586  226.5039  223.3788  221.7454  220.2079   53.2388   27.1510   54.4762  -13.3131   -7.1869  -14.4189   -1.0794    3.2078    4.0936   -0.0520    4.9132    6.2959    1.0274    1.7054    2.2023
       258  374.8679  373.9232  373.5426  219.9321  226.5161  226.5009  223.8365  221.7844  220.2527   52.7303   27.1078   54.4512  -14.4382   -7.2825  -14.4255    1.4060    3.1026    4.0277   -3.9044    4.7316    6.2482   -5.3104    1.6290    2.2205
       259  375.1974  373.9632  373.5644  220.1557  226.6147  226.5233  221.2307  221.5859  220.2699   52.6392   27.1000   54.4472  -14.8348   -7.3161  -14.4257    5.8332    2.8028    3.9707   -1.0750    5.0288    6.2534   -6.9082    2.2260    2.2826
       260  375.1534  374.0401  373.5874  219.5504  226.8623  226.5423  225.0487  221.5485  220.3444   51.2317   26.9805   54.4417  -15.0971   -7.3384  -14.4335    7.0952    2.8529    3.9708   -5.4983    5.3138    6.1978  -12.5935    2.4609    2.2270
       261  374.4579  374.0222  373.6003  220.4823  226.7792  226.5749  222.5027  221.6415  220.3757   50.4252   26.8466   54.4198  -14.5803   -7.3116  -14.4357    0.9008    3.2753    4.0533   -2.0204    5.1377    6.1990   -2.9212    1.8624    2.1457
       262  373.7280  373.9892  373.6089  227.4680  226.7015  226.5506  220.9167  221.7829  220.4842   52.8344   26.6464   54.3667  -14.9675   -7.3758  -14.4564   -2.7353    3.6148    4.0106    6.5513    4.9185    6.0663    9.2866    1.3038    2.0558
       263  373.0511  373.9496  373.6162  232.7115  226.8778  226.5545  221.9650  222.0047  220.5585   54.8025   26.8136   54.3327  -14.7465   -7.3571  -14.4723    2.7816    3.8152    3.9954   10.7465    4.8731    5.9959    7.9649    1.0579    2.0005
       264  373.2740  373.9684  373.6301  234.3515  226.7407  226.5318  217.8182  221.7274  220.5418   55.9751   26.7680   54.3080  -14.3140   -7.3161  -14.4787    8.1123    3.8146    3.9544   16.5333    5.0133    5.9899    8.4210    1.1987    2.0355
       265  373.3649  373.9842  373.6400  234.3712  226.7170  226.5222  218.7239  221.5777  220.5520   55.1044   26.7500   54.2786  -14.6033   -7.3113  -14.4914   14.0202    3.7290    3.9580   15.6472    5.1393    5.9701    1.6271    1.4102    2.0121
       266  373.4320  373.9921  373.6520  232.5215  226.7284  226.5420  221.2271  221.5470  220.5848   53.9161   26.7204   54.2578  -14.6972   -7.3165  -14.4945    8.6542    3.8398    3.9280   11.2944    5.1813    5.9572    2.6402    1.3415    2.0292
       267  373.2593  373.9992  373.6630  227.8273  226.5132  226.5649  220.7700  221.5234  220.6294   52.4524   26.8240   54.2409  -14.2566   -7.2451  -14.4978    0.4582    3.5336    3.8602    7.0573    4.9898    5.9354    6.5991    1.4561    2.0753
       268  373.5774  373.9807  373.6681  224.7217  226.4236  226.5414  222.1015  221.6193  220.6989   52.5144   26.8293   54.2013  -14.1432   -7.2355  -14.5097   -2.5917    3.5618    3.8864    2.6202    4.8043    5.8424    5.2120    1.2425    1.9559
       269  374.2328  373.9705  373.6753  221.2997  226.2514  226.5126  222.7633  221.5670  220.7483   52.4806   26.8264   54.1644  -13.9292   -7.2173  -14.5110   -3.4814    3.3578    3.8782   -1.4637    4.6844    5.7643    2.0177    1.3267    1.8861
       270  374.8042  373.9653  373.6854  220.7510  226.3187  226.5085  223.0001  221.4982  220.7917   52.8235   26.8556   54.1425  -14.4750   -7.2636  -14.5203    2.7336    3.4669    3.7899   -2.2491    4.8205    5.7167   -4.9827    1.3536    1.9268
       271  375.1130  373.9581  373.7004  218.9287  226.2145  226.5186  223.2578  221.6704  220.8275   51.7744   26.7664   54.1298  -15.0279   -7.3106  -14.5335    2.9195    3.2194    3.6570   -4.3291    4.5441    5.6910   -7.2485    1.3247    2.0341
       272  375.0189  373.9467  373.7133  217.7744  226.0637  226.4925  223.2284  221.5158  220.8933   50.6995   26.6752   54.0997  -15.0408   -7.3117  -14.5450    4.4843    2.9977    3.6180   -5.4540    4.5479    5.5991   -9.9383    1.5502    1.9811
       273  374.8050  373.9752  373.7315  224.0974  226.3608  226.5142  221.8733  221.4641  220.9570   52.4521   26.8418   54.0928  -14.4339   -7.2997  -14.5516   -0.7445    2.8625    3.5251    2.2241    4.8967    5.5571    2.9686    2.0343    2.0320
       274  374.4908  374.0400  373.7542  228.1936  226.4224  226.5017  218.8912  221.2920  220.9388   53.8138   26.7578   54.0804  -14.8359   -7.3073  -14.5623    0.3137    3.1214    3.5202    9.3024    5.1304    5.5628    8.9886    2.0090    2.0427
       275  373.6889  374.0924  373.7766  232.3300  226.3911  226.5269  222.8609  221.3657  221.0056   54.3545   26.8037   54.0738  -14.4980   -7.2786  -14.5727    4.9302    3.2980    3.5517    9.4691    5.0254    5.5212    4.5390    1.7274    1.9695
       276  373.4199  374.1048  373.7948  235.1248  226.4567  226.5394  221.2730  221.6591  221.0397   55.2918   26.7457   54.0599  -13.9220   -7.2453  -14.5721    8.7913    3.3557    3.5608   13.8518    4.7977    5.4997    5.0606    1.4420    1.9388
       277  373.4319  374.1105  373.8102  233.5085  226.3835  226.5641  221.0463  221.8563  221.0689   54.0700   26.6578   54.0559  -14.0450   -7.1979  -14.5568    9.6930    2.9882    3.4589   12.4623    4.5272    5.4951    2.7692    1.5390    2.0362
       278  373.4724  374.1136  373.8226  229.5880  226.1584  226.5021  223.5633  222.0356  221.1660   51.9267   26.5052   54.0067  -14.3587   -7.1719  -14.5530    8.2527    2.9574    3.4405    6.0247    4.1229    5.3361   -2.2280    1.1655    1.8956
       279  373.4237  374.1276  373.8339  228.0395  226.1765  226.4626  220.3355  221.9987  221.1991   52.3095   26.6419   53.9653  -14.2082   -7.1012  -14.5460    1.7224    3.0647    3.3865    7.7040    4.1778    5.2635    5.9816    1.1131    1.8770
       280  373.9814  374.1607  373.8507  226.7618  226.3442  226.4689  222.0543  221.9948  221.2541   53.4685   26.7404   53.9602  -14.2253   -7.1026  -14.5458   -7.2030    2.6857    3.2668    4.7075    4.3494    5.2148   11.9105    1.6637    1.9480
       281  374.7565  374.2052  373.8717  222.4307  226.4402  226.4560  221.8527  221.9174  221.2762   53.1717   26.7152   53.9457  -13.7009   -7.0581  -14.5340   -6.0716    2.4657    3.2346    0.5780    4.5228    5.1798    6.6496    2.0570    1.9452
       282  375.4679  374.2598  373.8911  220.6478  226.4317  226.4279  224.6439  222.0525  221.3405   53.3483   26.7302   53.9194  -13.9226   -7.0769  -14.5263   -4.0088    1.9116    3.0760   -3.9962    4.3792    5.0874    0.0126    2.4676    2.0114
       283  375.7849  374.3169  373.9108  219.8156  226.5070  226.4188  224.4341  222.1524  221.3945   52.6593   26.6717   53.9049  -15.2437   -7.1891  -14.5364    7.3147    2.2849    3.0676   -4.6185    4.3546    5.0242  -11.9332    2.0697    1.9566
       284  375.6535  374.3708  373.9325  221.0601  226.7861  226.4598  223.2304  222.1526  221.3900   51.7951   26.5983   53.9175  -15.6790   -7.2261  -14.5499    7.0046    2.4989    3.1386   -2.1704    4.6335    5.0698   -9.1749    2.1346    1.9312
       285  375.4622  374.4248  373.9638  223.1952  226.7119  226.4811  222.1157  222.1725  221.4134   52.1266   26.5715   53.9337  -15.1729   -7.2868  -14.5627   -3.8475    2.2439    2.9966    1.0794    4.5394    5.0678    4.9270    2.2955    2.0712
       286  374.7650  374.4480  373.9962  224.1007  226.3643  226.4321  222.2905  222.4612  221.4604   51.7317   26.3487   53.9112  -15.5075   -7.3726  -14.5941   -0.2750    2.1939    3.0414    1.8102    3.9031    4.9717    2.0852    1.7092    1.9302
       287  374.0131  374.4747  374.0200  234.2208  226.5198  226.4698  220.4553  222.2635  221.4823   55.0761   26.6328   53.9056  -14.5861   -7.2943  -14.5973    5.6575    2.2536    3.1362   13.7655    4.2562    4.9875    8.1080    2.0026    1.8513
       288  373.7539  374.5031  374.0389  235.4757  226.5496  226.4614  222.6934  222.3842  221.5416   55.3278   26.6358   53.8756  -14.1834   -7.3165  -14.5938    9.7975    2.3391    3.1755   12.7823    4.1654    4.9199    2.9848    1.8263    1.7444
       289  373.7467  374.5298  374.0530  232.3974  226.4552  226.3967  221.0942  222.3882  221.5555   53.5284   26.5898   53.8192  -13.4642   -7.2672  -14.5738    9.4361    2.3173    3.1442   11.3032    4.0669    4.8413    1.8671    1.7497    1.6971
       290  373.6382  374.5425  374.0624  230.8665  226.5533  226.3930  220.8213  222.1779  221.5728   52.8222   26.6585   53.7969  -13.3303   -7.1883  -14.5540    8.9894    2.3738    3.0942   10.0451    4.3754    4.8203    1.0557    2.0016    1.7261
       291  373.6486  374.5616  374.0770  227.1287  226.4759  226.4034  222.9317  222.3984  221.6330   52.1801   26.6912   53.7859  -14.1196   -7.0559  -14.5473   -1.1371    2.1309    3.0452    4.1970    4.0775    4.7705    5.3341    1.9466    1.7252
       292  374.1365  374.5744  374.0913  225.1581  226.3441  226.3739  219.5120  222.1895  221.6470   52.6440   26.7306   53.7551  -13.5082   -7.0039  -14.5307   -6.3944    2.1974    2.9786    5.6461    4.1546    4.7270   12.0405    1.9572    1.7484
       293  374.8051  374.5785  374.1068  221.3934  226.2560  226.3581  223.0352  222.2899  221.6756   52.7655   26.7410   53.7432  -13.2587   -6.9827  -14.5249  -10.1158    1.8539    2.8591   -1.6418    3.9661    4.6826    8.4739    2.1122    1.8235
       294  375.2290  374.5588  374.1185  219.1327  226.1315  226.3433  225.1334  222.3301  221.7157   52.1075   26.6851   53.7287  -13.4718   -7.0008  -14.5191    1.2761    2.2883    2.7978   -6.0008    3.8014    4.6276   -7.2768    1.5131    1.8298
       295  375.2292  374.5117  374.1284  214.8050  225.7059  226.2393  226.8625  222.5364  221.7281   49.9465   26.5015   53.6869  -15.2916   -7.1554  -14.5245    2.5014    1.8795    2.7793  -12.0575    3.1696    4.5112  -14.5588    1.2901    1.7319
       296  375.4203  374.4919  374.1404  215.2789  225.2149  226.1466  226.7536  222.8356  221.8900   49.1473   26.4337   53.6286  -15.0434   -7.1343  -14.5368   -2.2312    1.0951    2.5473  -11.4746    2.3793    4.2566   -9.2435    1.2842    1.7093
       297  375.1916  374.4696  374.1577  224.2686  225.3031  226.1962  217.6400  222.4677  221.8160   52.5011   26.4644   53.6431  -14.1297   -7.0486  -14.5303   -0.4936    1.3707    2.4754    6.6286    2.8354    4.3802    7.1222    1.4647    1.9048
       298  374.7812  374.4710  374.1740  228.4399  225.6717  226.2051  222.2558  222.4648  221.8477   53.8225   26.3580   53.6447  -14.4121   -7.0338  -14.5291   -3.1196    1.1292    2.4296    6.1841    3.2069    4.3574    9.3037    2.0777    1.9279
       299  373.9771  374.4681  374.1890  230.5169  225.3672  226.2007  222.7889  222.6566  221.8904   53.8071   26.3567   53.6334  -14.5126   -7.0423  -14.5393    4.6967    1.0502    2.5139    7.7280    2.7107    4.3104    3.0313    1.6605    1.7964
       300  373.6164  374.4564  374.1961  234.1152  225.2517  226.1779  221.1051  222.5217  221.9100   54.8305   26.3144   53.6053  -14.0776   -7.0333  -14.5482    8.1396    0.9094    2.5505   13.0101    2.7300    4.2679    4.8706    1.8206    1.7174
       301  373.7965  374.4606  374.2045  235.3196  225.4999  226.1848  223.1870  222.6994  221.9639   54.4611   26.3936   53.5761  -14.5579   -7.1262  -14.5538   10.8999    1.0337    2.5317   12.1326    2.8005    4.2209    1.2327    1.7668    1.6892
       302  373.8404  374.4761  374.2122  231.0684  225.5154  226.2053  220.6704  222.6878  221.9416   53.4485   26.4417   53.5772  -14.7060   -7.2318  -14.5608   11.3303    1.2133    2.5961   10.3980    2.8275    4.2637   -0.9322    1.6143    1.6675
       303  373.8449  374.4928  374.2198  228.5307  225.6344  226.2714  222.4421  222.6462  221.9838   52.2029   26.7012   53.5742  -14.5340   -7.1885  -14.5636    2.1278    1.4906    2.6631    6.0886    2.9882    4.2876    3.9608    1.4976    1.6246
       304  374.0508  374.4857  374.2240  226.6865  225.7601  226.2899  222.6543  222.9045  222.0451   52.8729   26.7581   53.5467  -13.9064   -7.1352  -14.5585   -6.3654    1.4929    2.6514    4.0322    2.8555    4.2449   10.3977    1.3626    1.5934
       305  374.7461  374.4807  374.2285  222.6222  225.8644  226.2941  223.6496  222.9567  222.0953   52.8053   26.7524   53.5268  -13.4168   -7.0936  -14.5516   -4.7203    1.9512    2.5673   -1.0274    2.9077    4.1988    3.6928    0.9565    1.6316
       306  375.3260  374.4887  374.2391  220.0756  225.9419  226.2680  225.8670  223.0170  222.1365   52.1942   26.7005   53.5023  -14.0669   -7.1488  -14.5543    0.5060    1.8879    2.5314   -5.7914    2.9249    4.1315   -6.2974    1.0370    1.6001
       307  375.4808  374.5101  374.2519  218.2304  226.2328  226.2550  223.9593  222.7704  222.1431   51.0944   26.6071   53.4936  -14.8731   -7.2173  -14.5547    5.3577    2.1305    2.4634   -5.7289    3.4624    4.1119  -11.0866    1.3319    1.6485
       308  375.4048  374.5087  374.2716  220.7562  226.6980  226.3250  224.4308  222.5731  222.1251   51.1187   26.6091   53.5102  -15.1818   -7.2435  -14.5572    5.9825    2.8281    2.4545   -3.6746    4.1249    4.1999   -9.6570    1.2968    1.7453
       309  375.0542  374.4974  374.2778  217.3087  226.1260  226.2562  225.0532  223.1824  222.1857   49.6347   26.3735   53.4705  -14.8948   -7.3064  -14.5571   -4.0162    2.5386    2.4582   -7.7445    2.9435    4.0706   -3.7283    0.4050    1.6124
       310  374.3089  374.4573  374.2811  227.0615  226.0089  226.2337  219.2716  222.9290  222.1860   52.9542   26.3011   53.4336  -14.1317   -7.2741  -14.5507   -2.2918    2.6089    2.5336    7.7899    3.0799    4.0478   10.0817    0.4711    1.5142
       311  373.9138  374.4521  374.2873  232.2994  226.1554  226.2622  223.2487  222.9668  222.2514   54.0327   26.3927   53.4139  -14.3224   -7.2902  -14.5526    1.1245    2.3153    2.5465    9.0507    3.1886    4.0108    7.9262    0.8734    1.4643
       312  373.5714  374.4483  374.2961  234.2202  226.1643  226.2326  222.5795  223.0920  222.2769   54.2324   26.3419   53.3752  -14.2293   -7.3031  -14.5429    6.1614    2.1473    2.5132   11.6407    3.0723    3.9557    5.4793    0.9251    1.4425
       313  373.7565  374.4449  374.3060  233.0836  225.9744  226.2060  223.3912  223.1093  222.3262   53.5335   26.2631   53.3449  -14.0386   -7.2590  -14.5324    6.9159    1.8089    2.3754    9.6924    2.8651    3.8798    2.7765    1.0562    1.5044
       314  373.6787  374.4325  374.3113  218.9029  225.0412  225.9993  227.2104  223.6110  222.4119   47.9403   25.8406   53.2473  -14.7212   -7.2602  -14.5338   -2.8813    0.7187    2.2206   -8.3075    1.4302    3.5875   -5.4262    0.7115    1.3669
       315  373.8076  374.4293  374.3221  220.9700  224.3991  225.8398  221.5563  223.5358  222.4205   49.6705   25.7176   53.1786  -15.4789   -7.2854  -14.5392   -2.9666    0.2860    2.1012   -0.5863    0.8632    3.4193    2.3804    0.5772    1.3181
       316  374.4646  374.4633  374.3329  227.3815  224.4562  225.8656  219.5014  223.2767  222.3969   54.7301   26.1473   53.2034  -14.7946   -7.2273  -14.5428   -7.8000    0.1681    2.0212    7.8801    1.1795    3.4687   15.6801    1.0114    1.4475
       317  374.7934  374.4674  374.3404  224.8800  224.6479  225.8920  223.2143  223.2397  222.3941   54.2730   26.1085   53.2209  -13.7596   -7.1394  -14.5504   -6.2190    0.0408    1.9339    1.6657    1.4082    3.4979    7.8847    1.3674    1.5640
       318  375.4702  374.4792  374.3503  221.3883  224.7558  225.9159  224.4368  223.1221  222.4040   53.1000   26.0088   53.2272  -13.3994   -7.1088  -14.5328   -3.4957   -0.2881    1.8533   -3.0485    1.6337    3.5119    0.4472    1.9218    1.6586
       319  375.6442  374.4931  374.3579  219.9572  224.9025  225.9125  225.6090  223.2623  222.4784   51.9964   25.9151   53.2163  -14.8401   -7.2312  -14.5329    3.7176   -0.4274    1.8174   -5.6517    1.6402    3.4342   -9.3693    2.0676    1.6168
       320  375.5945  374.5092  374.3654  215.0394  224.4169  225.8359  228.6345  223.6193  222.5393   49.1036   25.6694   53.1802  -15.3003   -7.2703  -14.5363    2.8753   -0.6913    1.7457  -13.5951    0.7977    3.2967  -16.4704    1.4890    1.5510
       321  375.1166  374.5143  374.3762  220.9391  224.7153  225.8434  224.0086  223.5334  222.5640   50.1804   25.7143   53.1761  -15.0824   -7.2857  -14.5446    0.0918   -0.3537    1.7324   -3.0695    1.1819    3.2794   -3.1613    1.5356    1.5470
       322  374.8120  374.5571  374.3947  226.8835  224.7002  225.8335  222.8429  223.8367  222.5967   53.1196   25.6367   53.1810  -14.2633   -7.2807  -14.5326   -9.5326   -0.9686    1.6169    4.0406    0.8635    3.2368   13.5732    1.8321    1.6198
       323  374.2387  374.5838  374.4142  232.9160  224.7509  225.8369  223.6731  223.8716  222.6248   54.9344   25.7909   53.1832  -14.4341   -7.2952  -14.5273    0.1061   -1.0523    1.5730    9.2429    0.8793    3.2120    9.1368    1.9316    1.6391
       324  373.8309  374.6058  374.4236  234.7014  224.7918  225.8428  222.3314  223.8506  222.7015   55.4435   25.8937   53.1742  -14.9134   -7.3533  -14.5375    7.2728   -0.9579    1.5587   12.3699    0.9412    3.1413    5.0971    1.8992    1.5826
       325  374.0981  374.6348  374.4361  236.7019  225.0991  225.8824  222.8849  223.8076  222.7722   55.7832   26.0848   53.1857  -15.1111   -7.4444  -14.5461    8.7357   -0.8034    1.4689   13.8169    1.2915    3.1102    5.0812    2.0949    1.6413
       326  374.5138  374.6989  374.4527  230.7836  226.0105  225.8558  221.9965  223.4076  222.7840   53.3306   26.4983   53.1767  -14.8010   -7.4505  -14.5477    9.5972    0.1539    1.4834    8.7871    2.6029    3.0718   -0.8101    2.4490    1.5884
       327  374.2442  374.7360  374.4694  225.2413  226.3732  225.8118  225.8596  223.7731  222.8704   51.4078   26.6940   53.1590  -14.4393   -7.3774  -14.5508   -0.6218    0.3530    1.4651   -0.6183    2.6002    2.9414    0.0035    2.2471    1.4763
       328  374.5204  374.7405  374.4849  224.4267  226.1304  225.8070  219.9598  223.8108  222.8352   53.1888   26.8453   53.1704  -14.0834   -7.3471  -14.5498   -7.1038    0.4102    1.3909    4.4668    2.3196    2.9717   11.5706    1.9094    1.5809
       329  375.0461  374.7620  374.4987  222.6004  225.9368  225.8291  224.4578  223.9164  222.8640   53.2922   26.8540   53.1842  -13.7319   -7.3173  -14.5464   -6.7720    0.3633    1.3350   -1.8574    2.0204    2.9651    4.9146    1.6571    1.6301
       330  375.5363  374.7674  374.5108  218.6825  225.7144  225.7950  224.7770  223.9444  222.8932   51.8271   26.7296   53.1673  -13.8776   -7.3297  -14.5363    0.9323    0.7272    1.3054   -6.0945    1.7700    2.9018   -7.0268    1.0428    1.5965
       331  375.5030  374.7554  374.5174  219.6337  225.6869  225.8070  224.8809  223.8825  222.9208   51.7642   26.7243   53.1671  -14.6426   -7.3946  -14.5297    7.9885    1.0900    1.3915   -5.2473    1.8044    2.8862  -13.2358    0.7144    1.4948
       332  375.6134  374.7570  374.5275  216.9461  225.8488  225.7930  223.6211  223.4567  222.9275   50.0148   26.5757   53.1555  -15.0730   -7.4312  -14.5303    6.5912    1.4056    1.4273   -6.6750    2.3921    2.8655  -13.2662    0.9866    1.4382
       333  375.3220  374.7739  374.5360  223.5678  226.0649  225.7843  223.9140  223.4489  222.9610   51.7833   26.7074   53.1445  -14.3446   -7.3705  -14.5288   -3.2169    1.1336    1.3866   -0.3462    2.6160    2.8233    2.8706    1.4823    1.4366
       334  374.3171  374.7318  374.5331  225.7915  225.9721  225.7435  222.1875  223.3933  223.0170   51.9570   26.4545   53.1130  -14.2285   -7.3531  -14.5185   -0.1808    1.9279    1.3782    3.6040    2.5789    2.7265    3.7848    0.6510    1.3482
       335  373.6577  374.6841  374.5325  231.1342  225.8257  225.7238  223.3513  223.3668  223.0251   53.0628   26.5485   53.0910  -13.9174   -7.3267  -14.5086    1.4500    2.0383    1.3210    7.7829    2.4589    2.6987    6.3329    0.4205    1.3777
       336  373.4438  374.6512  374.5330  232.9534  225.6772  225.6869  221.6796  223.3115  223.0320   54.1226   26.4363   53.0712  -14.3396   -7.2779  -14.5157    5.2510    1.8666    1.2609   11.2738    2.3658    2.6549    6.0228    0.4992    1.3941
       337  373.7641  374.6229  374.5386  234.6411  225.5022  225.7061  221.7518  223.2152  223.0440   54.4663   26.3244   53.0779  -14.6420   -7.2381  -14.5259   11.2406    2.0794    1.2872   12.8892    2.2870    2.6622    1.6486    0.2076    1.3750
       338  373.8087  374.5688  374.5438  229.7372  225.4219  225.7084  222.4889  223.2530  223.0275   51.8585   26.2115   53.0769  -15.1323   -7.2635  -14.5377   12.7010    2.3175    1.3554    7.2483    2.1689    2.6810   -5.4527   -0.1485    1.3256
       339  374.0108  374.5490  374.5537  225.9860  225.4852  225.6736  221.7033  222.9000  223.0507   51.4161   26.3305   53.0617  -14.5037   -7.2151  -14.5428   -3.6468    2.0605    1.2642    4.2827    2.5852    2.6229    7.9295    0.5247    1.3586
       340  374.4019  374.5392  374.5606  225.7706  225.5956  225.6573  221.6602  223.0397  223.0443   53.0197   26.4667   53.0541  -14.5869   -7.2222  -14.5489   -7.9785    1.9887    1.2515    4.1104    2.5559    2.6130   12.0889    0.5673    1.3616
       341  374.9570  374.5317  374.5641  222.7168  225.6055  225.6621  223.7459  222.9793  223.0764   52.5552   26.4273   53.0436  -13.9673   -7.1696  -14.5534   -5.2285    2.1197    1.2658   -1.0292    2.6262    2.5857    4.1994    0.5065    1.3200
       342  375.4410  374.5239  374.5636  219.6963  225.6888  225.6465  222.8089  222.8175  223.0462   52.3912   26.4133   53.0273  -14.2278   -7.1917  -14.5586    3.3534    2.3187    1.3868   -3.1127    2.8713    2.6003   -6.4660    0.5526    1.2135
       343  375.7070  374.5412  374.5623  218.9564  225.6313  225.6319  227.1287  223.0085  223.0920   51.6222   26.3480   53.0097  -15.1950   -7.2739  -14.5578    2.2740    1.8334    1.3012   -8.1723    2.6229    2.5399  -10.4464    0.7895    1.2387
       344  375.5784  374.5382  374.5610  217.3390  225.6647  225.5687  223.8026  223.0239  223.1017   50.2239   26.2293   52.9830  -15.6337   -7.3111  -14.5570    1.0002    1.3585    1.1992   -6.4636    2.6408    2.4670   -7.4638    1.2823    1.2678
       345  375.5121  374.5539  374.5619  223.0229  225.6199  225.5659  222.0421  222.8700  223.1005   51.4944   26.2055   52.9726  -14.7997   -7.3485  -14.5509   -0.7576    1.5607    1.2500    0.9808    2.7499    2.4654    1.7384    1.1892    1.2154
       346  374.9086  374.6041  374.5643  227.2574  225.7444  225.6195  222.3448  222.8834  223.1014   52.5623   26.1630   52.9867  -14.5255   -7.4002  -14.5342   -1.9311    1.4120    1.2219    4.9126    2.8611    2.5181    6.8437    1.4490    1.2962
       347  374.3485  374.6609  374.5698  232.2868  225.8391  225.5877  222.8925  222.8457  223.1415   53.9679   26.2824   52.9679  -14.2167   -7.3739  -14.5279    0.8565    1.3632    1.1429    9.3944    2.9935    2.4462    8.5379    1.6303    1.3033
       348  374.0380  374.7113  374.5746  232.4381  225.7954  225.5361  222.1158  222.8827  223.1317   53.9887   26.2710   52.9452  -14.0540   -7.3497  -14.5257    6.8854    1.5021    1.0935   10.3223    2.9127    2.4044    3.4370    1.4106    1.3109
       349  374.1433  374.7435  374.5814  234.5014  225.7835  225.5718  222.4958  222.9459  223.1555   54.1084   26.2406   52.9550  -13.9946   -7.2947  -14.5347    8.2538    1.2484    1.0734   12.0056    2.8377    2.4163    3.7519    1.5893    1.3430
       350  374.3152  374.7824  374.5917  231.5184  225.9202  225.5818  221.0016  222.8318  223.1582   53.2752   26.3493   52.9620  -14.5329   -7.2487  -14.5532    9.5427    1.0061    1.0819   10.5169    3.0884    2.4236    0.9741    2.0823    1.3417
       351  374.0409  374.7849  374.5984  227.0462  226.0102  225.5804  221.7286  222.8340  223.1378   52.2072   26.5177   52.9624  -13.9470   -7.1055  -14.5503    2.5134    1.5293    1.1439    5.3176    3.1763    2.4426    2.8042    1.6470    1.2987
       352  374.5707  374.7988  374.6055  225.3434  225.9751  225.5835  222.5769  222.9093  223.1882   52.3733   26.5318   52.9578  -14.5266   -7.1547  -14.5676   -3.4478    1.9017    1.1923    2.7665    3.0658    2.3953    6.2143    1.1641    1.2030
       353  374.9367  374.7971  374.6078  221.5527  225.8762  225.5862  224.2069  222.9484  223.2081   51.9317   26.4943   52.9437  -13.8240   -7.0950  -14.5772   -4.8642    1.9326    1.2815   -2.6542    2.9278    2.3781    2.2100    0.9952    1.0966
       354  375.6781  374.8166  374.6151  220.7237  225.9607  225.6124  225.9486  223.2065  223.2215   52.1758   26.5151   52.9448  -14.5964   -7.1606  -14.5963    0.3603    1.6866    1.2665   -5.2249    2.7542    2.3908   -5.5852    1.0676    1.1244
       355  375.9311  374.8356  374.6270  215.6338  225.6785  225.6264  225.2218  223.0445  223.1936   50.6667   26.3869   52.9571  -14.7802   -7.1762  -14.5876    1.7725    1.6440    1.2541   -9.5881    2.6340    2.4328  -11.3605    0.9899    1.1787
       356  376.0177  374.8729  374.6372  220.0203  225.9062  225.7070  221.9527  222.8874  223.1121   51.6147   26.4674   52.9990  -15.2701   -7.2178  -14.5914    5.2909    2.0084    1.3819   -1.9324    3.0188    2.5949   -7.2233    1.0104    1.2130
       357  375.3922  374.8631  374.6405  221.7598  225.8024  225.6657  224.2716  223.0707  223.2211   50.7322   26.4048   52.9699  -15.1069   -7.2431  -14.6075    0.5961    2.1197    1.3998   -2.5118    2.7317    2.4446   -3.1079    0.6120    1.0448
       358  374.9422  374.8659  374.6432  222.0983  225.3642  225.5580  225.1085  223.3054  223.2696   50.7398   26.1306   52.9175  -14.6387   -7.2789  -14.6113   -9.2705    1.4964    1.2953   -3.0101    2.0589    2.2884    6.2604    0.5625    0.9931
       359  374.2895  374.8611  374.6484  232.8625  225.4115  225.5966  220.2848  223.0910  223.2284   54.5044   26.4503   52.9294  -13.7551   -7.2039  -14.5985    3.6634    1.7271    1.2783   12.5777    2.3205    2.3682    8.9143    0.5934    1.0898
       360  374.1560  374.8711  374.6575  234.6122  225.5962  225.6050  223.5972  223.2169  223.2707   54.9960   26.5359   52.9322  -13.9055   -7.1913  -14.5956    4.0898    1.4896    1.2095   11.0150    2.3793    2.3343    6.9252    0.8897    1.1248
       361  374.2419  374.8795  374.6651  232.1619  225.3975  225.5513  223.8458  223.3315  223.2819   52.6590   26.4128   52.9016  -14.1708   -7.2062  -14.5890    9.9062    1.6300    1.1926    8.3161    2.0660    2.2694   -1.5900    0.4360    1.0768
       362  374.2263  374.8727  374.6710  229.5619  225.2474  225.5282  223.8713  223.5517  223.3310   51.4089   26.2696   52.8703  -13.9971   -7.1651  -14.5781    5.9010    1.3506    1.1093    5.6906    1.6957    2.1972   -0.2104    0.3451    1.0879
       363  374.3445  374.8985  374.6795  227.0032  225.2437  225.5023  224.0220  223.7465  223.3579   51.4331   26.2542   52.8572  -13.8957   -7.0484  -14.5673   -1.3030    1.0265    1.0511    2.9812    1.4973    2.1444    4.2842    0.4708    1.0934
       364  374.5228  374.8945  374.6873  223.3431  225.0793  225.4473  221.8878  223.6898  223.3453   52.1205   26.3126   52.8444  -13.6575   -7.0282  -14.5630   -7.8461    0.6650    1.0267    1.4553    1.3895    2.1021    9.3014    0.7246    1.0754
       365  375.0175  374.9014  374.6919  221.0204  225.0341  225.4201  224.1058  223.6812  223.3530   52.4780   26.3429   52.8388  -13.2849   -6.9965  -14.5608   -9.9226    0.2354    0.9384   -3.0854    1.3529    2.0671    6.8371    1.1176    1.1288
       366  375.8642  374.9167  374.7007  220.0949  224.9825  225.4204  225.4903  223.6436  223.3468   52.5530   26.3493   52.8449  -13.8082   -7.0410  -14.5564   -5.0543   -0.2097    0.8470   -5.3953    1.3389    2.0736   -0.3410    1.5486    1.2267
       367  376.0763  374.9290  374.7108  219.3616  225.2991  225.4397  228.1461  223.8919  223.4179   51.5436   26.2636   52.8526  -14.8751   -7.1316  -14.5564    1.9797   -0.1921    0.7896   -8.7845    1.4072    2.0217  -10.7642    1.5992    1.2322
       368  376.1068  374.9366  374.7228  216.9538  225.0386  225.3751  221.1548  223.8242  223.3623   50.7826   26.1989   52.8469  -14.9558   -7.1384  -14.5526    2.7908   -0.4044    0.7354   -4.2010    1.2145    2.0128   -6.9918    1.6189    1.2774
       369  375.9135  374.9795  374.7369  223.5064  225.1822  225.4770  223.0727  223.7256  223.3297   52.2655   26.3250   52.8901  -15.0945   -7.1374  -14.5559    0.7980   -0.3878    0.8145    0.4337    1.4566    2.1472   -0.3643    1.8444    1.3327
       370  375.1812  374.9998  374.7517  226.5218  225.5579  225.4678  223.4197  223.5822  223.4002   52.2738   26.1355   52.8785  -15.1904   -7.2593  -14.5739    0.1127    0.4091    0.8553    3.1021    1.9757    2.0676    2.9894    1.5666    1.2123
       371  374.2065  374.9929  374.7565  232.5478  225.5320  225.4718  223.2838  223.8287  223.4008   53.5450   26.2435   52.8703  -14.3387   -7.1870  -14.5741    3.5134    0.3968    0.8946    9.2639    1.7033    2.0711    5.7505    1.3066    1.1765
       372  373.9042  374.9715  374.7621  233.3628  225.4259  225.4573  222.6305  223.7466  223.4016   53.6808   26.1318   52.8609  -14.3856   -7.2277  -14.5768    7.4320    0.6806    0.9162   10.7323    1.6793    2.0557    3.3003    0.9987    1.1395
       373  373.9259  374.9446  374.7650  234.5483  225.6286  225.4822  222.3757  223.6217  223.3844   53.9557   26.2419   52.8681  -14.4525   -7.2517  -14.5838    9.7085    0.6638    0.9636   12.1726    2.0069    2.0978    2.4641    1.3430    1.1342
       374  373.9926  374.9267  374.7699  231.3862  225.7685  225.6737  222.9029  223.5474  223.3183   52.6532   26.3374   52.9404  -14.6507   -7.3018  -14.5827    9.1209    0.9108    1.1478    8.4833    2.2211    2.3554   -0.6376    1.3103    1.2076
       375  373.7915  374.8798  374.7696  227.5233  225.8127  225.7850  222.7216  223.4370  223.3381   51.5839   26.4054   52.9729  -15.4827   -7.3466  -14.5828    0.0125    1.0226    1.1984    4.8017    2.3757    2.4469    4.7892    1.3532    1.2486
       376  374.1909  374.8525  374.7651  223.6685  225.8394  225.7240  221.7768  223.4279  223.3755   51.2314   26.3755   52.9134  -14.4889   -7.2622  -14.5776   -3.0705    1.4151    1.2761    1.8917    2.4116    2.3485    4.9622    0.9965    1.0724
       377  374.8601  374.8391  374.7662  223.0323  226.0103  225.6926  224.1656  223.4330  223.3917   51.9549   26.4369   52.8741  -14.3015   -7.2462  -14.5868   -4.0509    1.9138    1.3129   -1.1333    2.5774    2.3009    2.9177    0.6636    0.9880
       378  375.5362  374.8122  374.7673  221.2633  226.1064  225.6906  222.8337  223.2146  223.3653   52.5171   26.4847   52.8642  -14.1530   -7.2336  -14.5996    4.3452    2.6863    1.4418   -1.5704    2.8917    2.3252   -5.9156    0.2054    0.8834
       379  375.5622  374.7685  374.7659  218.7693  226.0561  225.6704  226.6425  223.0869  223.3829   50.6915   26.3296   52.8420  -15.1138   -7.3152  -14.6043    5.6718    2.9999    1.4750   -7.8731    2.9691    2.2875  -13.5449   -0.0307    0.8125
       380  375.1832  374.6900  374.7589  217.5431  226.1061  225.7129  225.4676  223.4532  223.3291   48.8905   26.1767   52.8384  -15.3612   -7.3362  -14.6053    0.4391    2.8002    1.4337   -7.9245    2.6529    2.3838   -8.3636   -0.1473    0.9502
       381  375.2489  374.6354  374.7611  221.3218  225.9265  225.7192  222.3504  223.3938  223.3018   50.1543   26.0032   52.8380  -14.3054   -7.2714  -14.5925   -3.6232    2.4368    1.3726   -1.0286    2.5327    2.4174    2.5946    0.0959    1.0448
       382  374.9434  374.6152  374.7633  228.6845  226.1102  225.7498  223.9608  223.4398  223.3208   52.7461   25.9353   52.8316  -14.2152   -7.2609  -14.5917   -2.3742    2.2256    1.4942    4.7238    2.6704    2.4290    7.0980    0.4449    0.9348
       383  374.0323  374.6009  374.7599  230.7399  225.9616  225.7140  223.5742  223.4636  223.3192   53.1379   25.9686   52.8011  -14.0634   -7.2480  -14.5854   -2.0008    1.7723    1.4595    7.1657    2.4980    2.3948    9.1665    0.7257    0.9353
       384  373.9997  374.6090  374.7628  235.4317  226.1373  225.7264  222.9220  223.4884  223.3292   54.6943   26.0546   52.7884  -14.1729   -7.2299  -14.5728    3.5679    1.4441    1.3966   12.5096    2.6489    2.3972    8.9417    1.2048    1.0006
       385  374.2534  374.6368  374.7654  236.1204  226.2709  225.7165  223.3138  223.5681  223.3365   54.7545   26.1225   52.7709  -14.2101   -7.2094  -14.5575    7.1556    1.2273    1.3698   12.8066    2.7028    2.3801    5.6511    1.4755    1.0103
       386  374.3537  374.6645  374.7630  229.1589  226.1000  225.6916  228.3270  223.9842  223.4336   51.6325   26.0442   52.7448  -14.1280   -7.1693  -14.5472    5.8709    0.9780    1.3126    0.8319    2.1158    2.2580   -5.0390    1.1378    0.9454
       387  374.4804  374.7230  374.7670  224.3587  225.8312  225.6766  218.2044  223.6005  223.3036   51.4696   26.2632   52.7459  -14.2295   -7.0731  -14.5436   -0.6231    0.9240    1.3126    6.1543    2.2307    2.3730    6.7774    1.3067    1.0605
       388  374.6708  374.7625  374.7695  223.7300  225.8363  225.6652  223.5089  223.7429  223.3619   52.2813   26.3322   52.7305  -14.2954   -7.0787  -14.5472   -7.5318    0.5574    1.3055    0.2211    2.0934    2.3032    7.7530    1.5360    0.9977
       389  375.2372  374.7945  374.7727  222.8926  225.8244  225.6701  224.3392  223.7576  223.3599   52.5660   26.3564   52.7181  -13.5027   -7.0114  -14.5433   -5.8667    0.4031    1.3209   -1.4466    2.0668    2.3102    4.4201    1.6636    0.9893
       390  375.7668  374.8134  374.7765  219.9644  225.7177  225.6912  225.4388  223.9717  223.3708   51.8044   26.2917   52.7178  -13.9427   -7.0488  -14.5444    0.4375    0.0820    1.3128   -5.4745    1.7459    2.3204   -5.9120    1.6639    1.0076
       391  375.5899  374.8158  374.7780  219.5157  225.7810  225.6892  225.1203  223.8425  223.3749   50.8961   26.2145   52.7030  -15.3964   -7.1722  -14.5573   10.4926    0.4914    1.3553   -5.6046    1.9386    2.3143  -16.0973    1.4472    0.9590
       392  375.3513  374.8301  374.7735  218.5858  225.8696  225.7171  226.4454  223.9255  223.4229   49.3979   26.0873   52.6925  -15.3707   -7.1701  -14.5623    4.6681    0.8506    1.3227   -7.8596    1.9441    2.2942  -12.5277    1.0935    0.9716
       393  375.1032  374.8181  374.7699  219.4830  225.7185  225.6499  224.8701  224.1326  223.4386   49.6264   26.0439   52.6571  -14.5235   -7.1880  -14.5653   -8.0923    0.4833    1.2425   -5.3870    1.5859    2.2114    2.7052    1.1026    0.9688
       394  374.7083  374.7981  374.7766  228.7400  225.7232  225.7000  218.9718  223.7089  223.3840   53.6553   26.0878   52.6859  -14.1944   -7.1991  -14.5647   -1.5233    0.5555    1.2197    9.7682    2.0143    2.3161   11.2915    1.4588    1.0964
       395  374.3692  374.8258  374.7882  232.3688  225.8571  225.7203  224.1729  223.7581  223.3974   53.9238   26.1106   52.7005  -14.5256   -7.2272  -14.5750    4.8874    1.1217    1.2762    8.1959    2.0990    2.3229    3.3085    0.9773    1.0466
       396  373.9395  374.8207  374.7967  235.4133  225.8555  225.7621  222.4547  223.7184  223.4106   54.6494   26.1068   52.7095  -14.5323   -7.2578  -14.5783    7.4807    1.4540    1.3141   12.9587    2.1371    2.3515    5.4780    0.6831    1.0374
       397  374.1044  374.8081  374.8025  236.3794  225.8775  225.7916  222.6208  223.6595  223.4254   54.6685   26.0995   52.7129  -15.3864   -7.3577  -14.5909   12.4313    1.9021    1.3343   13.7586    2.2180    2.3662    1.3272    0.3159    1.0319
       398  373.9662  374.7784  374.8049  232.2734  226.1164  225.8305  223.9768  223.3258  223.4482   52.6160   26.1750   52.7245  -16.2677   -7.5218  -14.6083   11.2958    2.3182    1.3128    8.2965    2.7906    2.3823   -2.9993    0.4723    1.0696
       399  373.7434  374.7158  374.8003  229.3721  226.5422  225.8880  225.6369  223.9571  223.5150   52.0147   26.3972   52.7347  -14.6105   -7.4573  -14.6102   -0.9827    2.2877    1.3580    3.7352    2.5851    2.3730    4.7178    0.2974    1.0150
       400  374.2328  374.6797  374.7975  226.2297  226.7477  225.8956  222.8812  223.9055  223.5351   52.4021   26.4301   52.7242  -14.0586   -7.4104  -14.6012   -5.5006    2.4546    1.3987    3.3485    2.8422    2.3605    8.8491    0.3875    0.9618
       401  374.6925  374.6335  374.7931  222.3661  226.7029  225.8896  224.6555  223.9323  223.5506   51.5413   26.3570   52.7070  -13.4870   -7.3618  -14.5930   -6.1885    2.4273    1.3824   -2.2894    2.7706    2.3391    3.8991    0.3433    0.9567
       402  375.3810  374.6018  374.7921  219.6216  226.6748  225.8884  225.8788  223.9685  223.6010   51.3323   26.3393   52.6890  -14.1503   -7.4182  -14.5917   -5.4648    1.9422    1.2375   -6.2572    2.7063    2.2874   -0.7924    0.7641    1.0499
       403  375.9646  374.6336  374.7964  218.6721  226.6031  225.8836  226.1118  224.0527  223.5837   50.7960   26.2937   52.6750  -15.5938   -7.5408  -14.5985    3.4576    1.3447    1.2576   -7.4397    2.5504    2.2999  -10.8973    1.2057    1.0423
       404  376.0581  374.6936  374.8046  218.3502  226.5831  225.9007  226.1338  224.0263  223.6233   50.3383   26.2548   52.6769  -15.8926   -7.5661  -14.6029   -5.6336    0.4698    1.1449   -7.7836    2.5569    2.2774   -2.1500    2.0871    1.1325
       405  375.8619  374.7560  374.8103  223.4750  226.9112  225.9082  225.0662  224.0424  223.6731   51.0880   26.3750   52.6703  -14.9298   -7.5995  -14.6050   -2.1225    0.9604    1.1225   -1.5912    2.8688    2.2351    0.5312    1.9084    1.1127
       406  375.3569  374.8111  374.8179  226.5019  226.7211  225.8953  222.8026  224.3677  223.6808   52.3436   26.2408   52.6665  -14.9287   -7.6338  -14.6119   -2.8392    0.8487    1.1070    3.6993    2.3534    2.2145    6.5385    1.5047    1.1075
       407  374.5833  374.8287  374.8218  231.6118  226.6589  225.8842  222.5512  224.2345  223.6752   54.0761   26.3879   52.6684  -14.7015   -7.6145  -14.6201   -0.5057    0.4054    1.0846    9.0607    2.4245    2.2091    9.5663    2.0191    1.1244
       408  374.4112  374.8687  374.8282  233.9808  226.5372  225.9104  224.0202  224.3674  223.7076   54.5084   26.3759   52.6772  -14.8519   -7.6416  -14.6337    4.6386    0.1640    1.0465    9.9606    2.1698    2.2029    5.3220    2.0058    1.1564
       409  374.4663  374.8995  374.8336  231.3832  226.1129  225.8575  222.8626  224.3880  223.7138   52.9571   26.2306   52.6577  -14.7486   -7.5875  -14.6465    8.7189   -0.1513    1.0544    8.5206    1.7250    2.1437   -0.1983    1.8763    1.0893
       410  374.5540  374.9445  374.8373  229.6022  225.9080  225.8281  223.8368  224.3772  223.7573   51.9329   26.1782   52.6371  -14.8177   -7.4762  -14.6508    3.6526   -0.7376    0.9640    5.7654    1.5308    2.0708    2.1129    2.2684    1.1068
       411  374.5529  375.0133  374.8460  229.7716  225.9420  225.8744  221.4167  224.0188  223.7520   53.0207   26.4060   52.6509  -14.1335   -7.3268  -14.6540    0.4907   -0.6125    0.9297    8.3548    1.9232    2.1224    7.8641    2.5356    1.1927
       412  374.8374  375.0630  374.8504  223.8477  225.7462  225.8498  223.9325  224.1052  223.7743   51.8586   26.3073   52.6421  -14.2128   -7.3336  -14.6487   -5.3346   -0.5988    0.8986   -0.0848    1.6410    2.0755    5.2498    2.2398    1.1769
       413  375.2054  375.1065  374.8549  220.8836  225.6203  225.8384  224.2786  224.0732  223.7755   51.3306   26.2625   52.6319  -13.5667   -7.2787  -14.6443   -3.1702   -0.3425    0.9274   -3.3950    1.5471    2.0629   -0.2248    1.8896    1.1355
       414  375.8029  375.1412  374.8570  219.6997  225.6267  225.8216  226.2920  224.1071  223.7811   51.5753   26.2833   52.6217  -13.9681   -7.3128  -14.6336    3.1642    0.3668    0.9735   -6.5923    1.5195    2.0405   -9.7565    1.1528    1.0670
       415  375.9780  375.1424  374.8578  217.5393  225.5305  225.8540  227.3041  224.2084  223.8165   50.0563   26.1542   52.6114  -15.0743   -7.4067  -14.6386    4.3298    0.4408    1.0169   -9.7648    1.3221    2.0375  -14.0946    0.8812    1.0205
       416  375.1999  375.0695  374.8439  214.9539  225.2420  225.7679  227.6299  224.3354  223.9129   48.2915   26.0044   52.5549  -15.4230   -7.4363  -14.6412   -2.4989    0.7071    0.8846  -12.6760    0.9065    1.8550  -10.1770    0.1995    0.9703
       417  375.3152  375.0245  374.8426  223.7291  225.2629  225.8003  218.1458  223.7666  223.8122   51.9484   26.0751   52.5749  -14.2422   -7.3798  -14.6270    0.6776    0.9372    0.8860    5.5833    1.4962    1.9880    4.9057    0.5590    1.1021
       418  374.8806  374.9841  374.8416  229.3362  225.5036  225.9232  223.8202  223.8531  223.7904   53.7046   26.0435   52.6253  -14.9141   -7.3979  -14.6317   -3.7334    0.8613    0.9800    5.5160    1.6505    2.1329    9.2494    0.7893    1.1529
       419  374.4467  374.9729  374.8441  231.0636  225.4586  225.8936  224.7966  224.0376  223.8645   53.3555   26.0139   52.6058  -14.8268   -7.3905  -14.6499    1.6230    1.0362    0.9465    6.2670    1.4209    2.0291    4.6440    0.3847    1.0827
       420  374.1260  374.9486  374.8437  231.7940  225.2728  225.8458  222.5457  223.9124  223.8467   53.3159   25.9126   52.5772  -14.7385   -7.3808  -14.6640    4.5449    1.0282    0.9542    9.2483    1.3604    1.9991    4.7034    0.3322    1.0449
       421  374.1378  374.9208  374.8419  232.0544  225.3298  225.8439  224.0089  224.0098  223.8495   52.8877   25.9067   52.5811  -15.0864   -7.4095  -14.6796    8.0907    0.9749    0.9234    8.0455    1.3201    1.9945   -0.0452    0.3452    1.0712
       422  374.1189  374.8874  374.8402  229.7943  225.3446  225.8475  224.0173  224.0236  223.8517   51.4701   25.8712   52.5820  -14.5345   -7.3878  -14.6878    8.7500    1.3659    0.9671    5.7770    1.3209    1.9958   -2.9731   -0.0450    1.0288
       423  374.0946  374.8484  374.8360  228.2966  225.2193  225.8695  226.0069  224.4135  223.8854   51.4092   26.1360   52.5816  -14.5687   -7.3152  -14.6993   -1.7674    1.1741    0.9592    2.2897    0.8058    1.9841    4.0571   -0.3683    1.0249
       424  374.3927  374.8119  374.8339  224.0951  225.2396  225.8819  221.6109  224.2226  223.8809   51.5626   26.1490   52.5722  -14.3556   -7.2971  -14.7111   -6.3030    1.0945    0.9846    2.4842    1.0170    2.0010    8.7872   -0.0776    1.0165
       425  375.2742  374.8178  374.8382  222.5276  225.3793  225.9074  225.9548  224.3650  223.9123   51.9282   26.1801   52.5628  -13.3330   -7.2103  -14.7119   -9.6985    0.5401    0.9884   -3.4273    1.0142    1.9952    6.2712    0.4741    1.0068
       426  375.9397  374.8290  374.8395  219.5530  225.3672  225.8985  225.5434  224.3035  223.9131   51.8638   26.1746   52.5511  -14.1591   -7.2804  -14.7179   -1.7507    0.1361    1.0427   -5.9904    1.0637    1.9854   -4.2397    0.9276    0.9428
       427  376.0234  374.8328  374.8386  219.1290  225.5022  225.8946  228.1861  224.3784  223.9138   51.3872   26.1341   52.5485  -15.6565   -7.4076  -14.7312    4.3486    0.1377    1.0829   -9.0571    1.1238    1.9808  -13.4057    0.9861    0.8979
       428  375.7722  374.8815  374.8329  217.3084  225.7022  225.9006  222.5668  223.9484  223.9378   49.3510   25.9612   52.5241  -15.4101   -7.3867  -14.7389    6.7826    0.9260    1.1507   -5.2584    1.7538    1.9628  -12.0410    0.8278    0.8121
       429  375.6083  374.9056  374.8279  218.4581  225.2690  225.8176  224.5448  224.4743  223.9620   49.5422   25.7634   52.4794  -14.7092   -7.4251  -14.7326   -6.2099    0.3599    1.0355   -6.0868    0.7946    1.8557    0.1232    0.4347    0.8201
       430  374.9401  374.9106  374.8238  228.5796  225.2047  225.8526  222.7285  224.3816  223.9503   52.9028   25.7250   52.4901  -15.3594   -7.4703  -14.7354   -1.4498    0.5539    1.0090    5.8511    0.8231    1.9023    7.3009    0.2692    0.8934
       431  374.1943  374.8899  374.8235  233.0800  225.3704  225.8613  224.5065  224.3577  223.9703   53.4681   25.7730   52.4888  -14.5999   -7.4058  -14.7399    1.0902    0.5101    0.9691    8.5735    1.0127    1.8910    7.4833    0.5026    0.9219
       432  374.1395  374.8910  374.8276  233.4766  225.5133  225.8633  223.1738  224.4111  223.9796   53.4453   25.7839   52.4847  -14.3605   -7.3737  -14.7394    6.2946    0.6587    0.9498   10.3027    1.1022    1.8837    4.0082    0.4435    0.9339
       433  374.2341  374.8992  374.8328  234.7207  225.7398  225.8662  223.3763  224.3574  223.9966   53.7557   25.8577   52.4814  -14.6671   -7.3381  -14.7431    8.7389    0.7137    0.9334   11.3444    1.3824    1.8696    2.6055    0.6687    0.9363
       434  373.9554  374.8867  374.8322  230.4728  225.7918  225.8522  226.3395  224.5355  224.0493   51.7034   25.8756   52.4668  -15.1969   -7.3889  -14.7515    7.1931    0.5943    0.9038    4.1333    1.2563    1.8029   -3.0598    0.6620    0.8991
       435  374.0255  374.8807  374.8362  224.6448  225.4817  225.8033  222.8720  224.2693  224.0518   49.8496   25.9179   52.4373  -14.4651   -7.3087  -14.7342   -2.8293    0.5041    0.8555    1.7728    1.2124    1.7514    4.6021    0.7083    0.8959
       436  374.7803  374.9126  374.8459  223.9305  225.4682  225.8076  222.9377  224.3783  224.0709   51.8147   26.0848   52.4472  -13.9493   -7.2648  -14.7250  -10.3447    0.1719    0.7359    0.9928    1.0898    1.7367   11.3375    0.9179    1.0007
       437  375.6065  374.9408  374.8586  221.9551  225.4195  225.7893  224.9178  224.2902  224.0837   52.6241   26.1536   52.4586  -13.7012   -7.2438  -14.7148  -10.4323    0.1096    0.6275   -2.9627    1.1293    1.7056    7.4696    1.0197    1.0781
       438  376.0555  374.9503  374.8671  218.5599  225.3379  225.7449  224.4458  224.2000  224.1102   51.7493   26.0793   52.4456  -14.5094   -7.3124  -14.7209   -4.1360   -0.0864    0.4881   -5.8859    1.1379    1.6347   -1.7499    1.2243    1.1465
       439  376.4883  374.9899  374.8828  216.4171  225.1076  225.7049  226.3744  224.0462  224.1057   50.7634   25.9955   52.4468  -15.6119   -7.4061  -14.7293   -0.5739   -0.5045    0.3820   -9.9573    1.0614    1.5992   -9.3834    1.5659    1.2172
       440  376.4061  375.0437  374.9036  216.3264  225.0242  225.6842  228.9950  224.5921  224.1656   49.5930   25.8961   52.4587  -15.7841   -7.4207  -14.7365    2.4728   -0.8706    0.4166  -12.6687    0.4320    1.5187  -15.1415    1.3026    1.1021
       441  375.8870  375.0666  374.9141  218.7858  225.0511  225.6425  225.9567  224.7082  224.2249   49.2301   25.8705   52.4435  -15.4537   -7.4819  -14.7554   -0.7679   -0.4233    0.4635   -7.1709    0.3429    1.4177   -6.4030    0.7662    0.9542
       442  375.3672  375.1029  374.9213  226.8041  224.9003  225.6106  222.3614  224.6770  224.1977   52.5521   25.7927   52.4402  -14.3933   -7.4643  -14.7584   -6.2067   -0.8273    0.3984    4.4427    0.2233    1.4129   10.6494    1.0506    1.0145
       443  374.5370  375.1310  374.9296  230.5546  224.6927  225.6076  223.3139  224.5790  224.1934   53.9546   25.9118   52.4541  -14.7463   -7.4943  -14.7700   -1.0608   -1.0041    0.4139    7.2407    0.1138    1.4142    8.3015    1.1179    1.0003
       444  373.9824  375.1177  374.9293  234.9669  224.8193  225.5997  222.2983  224.5046  224.1828   54.7007   26.0184   52.4542  -15.3661   -7.5797  -14.7903    8.7186   -0.7982    0.5014   12.6686    0.3147    1.4169    3.9500    1.1129    0.9155
       445  374.0814  375.1048  374.9264  235.6289  224.8965  225.5913  223.1142  224.4823  224.1794   54.2323   26.0589   52.4453  -15.8721   -7.6821  -14.8185   12.2936   -0.4963    0.5886   12.5147    0.4141    1.4119    0.2211    0.9104    0.8233
       446  373.8901  375.0997  374.9193  232.3954  225.0439  225.6410  225.5930  224.4250  224.1375   52.2894   26.1038   52.4554  -15.4443   -7.7010  -14.8387    5.6995   -0.6109    0.5860    6.8024    0.6189    1.5035    1.1028    1.2297    0.9175
       447  374.1284  375.1085  374.9133  224.4608  225.0283  225.6427  221.1973  224.2828  224.1883   51.0573   26.2282   52.4484  -14.9380   -7.6292  -14.8507   -5.2291   -0.8147    0.5078    3.2635    0.7455    1.4544    8.4927    1.5602    0.9466
       448  374.5918  375.0930  374.9120  225.0348  225.1191  225.6641  223.1968  224.3041  224.1832   52.1172   26.3182   52.4456  -14.0537   -7.5541  -14.8466   -4.0158   -0.2945    0.5656    1.8381    0.8149    1.4810    5.8538    1.1094    0.9154
       449  375.2570  375.0633  374.9124  222.8694  225.1967  225.6638  225.8288  224.3815  224.2085   52.0835   26.3154   52.4374  -14.2597   -7.5716  -14.8595   -6.1842    0.0663    0.5602   -2.9595    0.8152    1.4553    3.2247    0.7489    0.8951
       450  375.9664  375.0560  374.9156  217.6552  225.1224  225.6258  226.4530  224.5465  224.2252   51.2324   26.2431   52.4277  -14.7904   -7.6166  -14.8739   -1.3382    0.2963    0.5310   -8.7979    0.5759    1.4006   -7.4597    0.2796    0.8697
       451  376.1609  375.0282  374.9254  218.0320  225.2595  225.6006  222.4474  224.2130  224.1798   51.2440   26.2441   52.4336  -14.8704   -7.6234  -14.8650    5.1165    0.7795    0.4397   -4.4154    1.0466    1.4208   -9.5318    0.2670    0.9812
       452  376.0938  375.0016  374.9380  210.8468  224.7942  225.4691  229.8342  224.2842  224.2373   47.8803   25.9584   52.4078  -15.9407   -7.7143  -14.8746   -4.2179    0.2113    0.2887  -18.9874    0.5099    1.2318  -14.7695    0.2986    0.9431
       453  375.5180  374.9713  374.9448  219.9258  224.8878  225.4764  222.0837  223.9659  224.1915   50.0879   26.0289   52.4154  -14.6925   -7.6518  -14.8774    0.8740    0.3462    0.4361   -2.1579    0.9219    1.2849   -3.0319    0.5757    0.8488
       454  375.0812  374.9470  374.9511  228.4614  225.0286  225.4717  221.9330  223.9295  224.2418   53.0553   25.9525   52.4052  -14.2510   -7.6097  -14.8784   -2.5917    0.6533    0.4180    6.5285    1.0991    1.2299    9.1201    0.4458    0.8119
       455  374.4135  374.9369  374.9518  232.4168  225.1817  225.4725  223.7012  223.9613  224.2341   54.1747   26.0476   52.4095  -14.3799   -7.6207  -14.8759   -1.9500    0.5802    0.3056    8.7156    1.2203    1.2384   10.6656    0.6401    0.9329
       456  374.3338  374.9667  374.9586  235.1933  225.2009  225.4687  221.9538  223.9321  224.2256   55.1957   26.0896   52.4188  -14.7831   -7.5711  -14.8802    8.5383    0.5649    0.3235   13.2395    1.2688    1.2432    4.7012    0.7039    0.9197
       457  374.2314  374.9795  374.9607  234.0939  225.0705  225.4299  223.0393  223.9257  224.2327   53.9425   26.0650   52.4064  -14.9955   -7.4967  -14.8735   14.2759    0.7332    0.3549   11.0546    1.1448    1.1973   -3.2213    0.4115    0.8424
       458  374.1040  374.9958  374.9628  231.6836  225.0159  225.4209  224.8875  223.8716  224.2466   51.7156   26.0210   52.3926  -14.8281   -7.4494  -14.8514    6.7892    0.8168    0.2857    6.7962    1.1443    1.1742    0.0070    0.3275    0.8885
       459  374.2198  375.0036  374.9709  228.1279  225.3274  225.3997  221.6688  223.9117  224.1792   51.5428   26.3321   52.3846  -14.4121   -7.3196  -14.8481   -1.1737    1.1613    0.2825    6.4591    1.4157    1.2205    7.6329    0.2545    0.9380
       460  374.7050  375.0129  374.9787  226.1120  225.4159  225.3978  224.3659  224.0078  224.2036   52.2344   26.3908   52.3818  -13.8889   -7.2752  -14.8452   -6.6227    0.9470    0.2640    1.7461    1.4082    1.1942    8.3688    0.4612    0.9301
       461  375.3395  375.0199  374.9897  222.5518  225.3889  225.4010  225.8203  224.0070  224.2234   52.2978   26.3962   52.3946  -14.2374   -7.3048  -14.8579   -7.7078    0.8176    0.2382   -3.2685    1.3819    1.1775    4.4393    0.5643    0.9393
       462  375.7271  375.0002  374.9954  218.1645  225.4308  225.3770  225.6715  223.9428  224.2200   51.0530   26.2905   52.3899  -14.3211   -7.3119  -14.8608   -3.0143    0.6798    0.2785   -7.5070    1.4880    1.1570   -4.4926    0.8082    0.8785
       463  376.0576  374.9915  374.9969  217.9969  225.4278  225.3655  228.0097  224.4152  224.2522   50.1735   26.2158   52.3793  -15.3162   -7.3964  -14.8561    4.1509    0.5978    0.2903  -10.0128    1.0126    1.1133  -14.1637    0.4148    0.8230
       464  376.0396  374.9868  374.9966  218.5868  226.0852  225.3696  224.5845  223.9693  224.2259   50.1616   26.2148   52.3763  -15.0445   -7.3733  -14.8417    2.5541    1.1730    0.4294   -5.9977    2.1158    1.1436   -8.5518    0.9429    0.7143
       465  375.3760  374.9752  374.9886  221.7085  226.2317  225.3405  226.2547  224.3122  224.2455   50.7446   26.2687   52.3706  -14.8116   -7.3831  -14.8398   -4.6897    0.7157    0.3872   -4.5462    1.9195    1.0950    0.1435    1.2039    0.7079
       466  374.8182  374.9529  374.9795  227.3958  226.1412  225.3557  223.5905  224.4530  224.2589   52.3466   26.1135   52.3707  -14.5123   -7.3943  -14.8327   -2.0755    0.7595    0.4001    3.8053    1.6883    1.0968    5.8807    0.9287    0.6967
       467  374.3425  374.9471  374.9755  231.9314  226.1013  225.3610  223.5591  224.4413  224.2754   53.2224   26.1878   52.3562  -13.7373   -7.3285  -14.8163    0.3436    0.9480    0.4141    8.3722    1.6600    1.0855    8.0286    0.7120    0.6714
       468  374.3048  374.9445  374.9737  235.7352  226.1473  225.3907  225.6722  224.7571  224.3035   54.9131   26.1638   52.3631  -14.4783   -7.3026  -14.8100    7.5247    0.8619    0.4631   10.0630    1.3903    1.0873    2.5383    0.5283    0.6242
       469  374.4639  374.9643  374.9737  231.4215  225.9203  225.3914  223.9178  224.8317  224.3214   52.9362   26.0784   52.3627  -14.8851   -7.2933  -14.8123    9.8743    0.4881    0.4827    7.5037    1.0887    1.0700   -2.3706    0.6006    0.5873
       470  374.5991  375.0023  374.9743  229.7908  225.7751  225.3943  224.4982  224.8018  224.3315   52.2514   26.1195   52.3676  -14.7420   -7.2866  -14.8111    0.3394   -0.0067    0.4319    5.2926    0.9733    1.0627    4.9532    0.9800    0.6308
       471  374.5543  375.0307  374.9744  228.2498  225.7855  225.3685  220.5961  224.7107  224.3176   52.4428   26.3132   52.3578  -14.2436   -7.2186  -14.8130   -0.7305    0.0310    0.4112    7.6537    1.0748    1.0508    8.3841    1.0438    0.6397
       472  374.9989  375.0548  374.9770  225.3023  225.7189  225.3924  223.6716  224.6536  224.3133   52.5813   26.3250   52.3701  -13.8176   -7.1824  -14.8063   -7.1362   -0.0112    0.3815    1.6307    1.0653    1.0790    8.7668    1.0765    0.6975
       473  375.3029  375.0517  374.9787  220.4929  225.5441  225.3857  224.5415  224.5450  224.3178   51.5520   26.2376   52.3738  -13.4715   -7.1530  -14.8047   -7.5299    0.0039    0.3075   -4.0487    0.9990    1.0679    3.4812    0.9951    0.7604
       474  375.7191  375.0511  374.9773  218.0041  225.5309  225.3578  225.5435  224.5345  224.3055   51.0261   26.1929   52.3645  -13.9847   -7.1966  -14.8050   -2.2971    0.0628    0.2177   -7.5394    0.9964    1.0524   -5.2424    0.9335    0.8346
       475  375.8392  375.0325  374.9749  215.4856  225.3176  225.3230  229.3894  224.6517  224.3409   48.9576   26.0172   52.3458  -15.1779   -7.2980  -14.8067    4.8316    0.1207    0.2262  -13.9038    0.6659    0.9821  -18.7354    0.5452    0.7558
       476  375.6057  374.9956  374.9818  207.1142  224.3432  225.1898  230.8217  225.1814  224.3951   46.2297   25.7855   52.3108  -15.6105   -7.3347  -14.8099  -13.9211   -1.2786    0.0322  -23.7076   -0.8382    0.7947   -9.7865    0.4404    0.7624
       477  375.9136  375.0398  374.9917  217.0674  223.9617  225.0803  219.5643  224.6315  224.4184   51.1375   25.8178   52.2975  -14.4651   -7.3062  -14.8136  -12.6961   -1.9367   -0.1876   -2.4969   -0.6698    0.6618   10.1992    1.2669    0.8495
       478  375.8258  375.1254  375.0078  228.5608  224.0607  225.0671  220.7501  224.3903  224.3663   54.9916   25.9681   52.3193  -16.3102   -7.5248  -14.8373   -4.2510   -2.1214   -0.1964    7.8107   -0.3296    0.7008   12.0617    1.7918    0.8972
       479  374.8777  375.1694  375.0148  230.8668  223.9732  225.0639  223.8074  224.4107  224.3500   53.7464   25.8623   52.3260  -15.6382   -7.4677  -14.8511    4.4587   -1.7832   -0.1498    7.0594   -0.4375    0.7138    2.6007    1.3457    0.8636
       480  374.4920  375.1853  375.0210  233.6965  223.8000  225.0962  222.5315  224.1439  224.3498   53.9640   25.7817   52.3370  -14.4850   -7.4682  -14.8468   11.0346   -1.4851   -0.0396   11.1650   -0.3439    0.7464    0.1303    1.1412    0.7860
       481  374.2648  375.1684  375.0232  234.8050  224.0874  225.1429  223.8522  224.1384  224.3471   54.0305   25.8747   52.3564  -14.6730   -7.4502  -14.8397   12.3107   -1.2782    0.0321   10.9529   -0.0510    0.7958   -1.3579    1.2272    0.7637
       482  374.2901  375.1447  375.0258  232.0344  224.2595  225.1773  224.2232  224.1173  224.3503   53.0267   25.9341   52.3803  -14.1976   -7.4085  -14.8346   11.2990   -0.4374    0.0712    7.8111    0.1422    0.8270   -3.4879    0.5796    0.7558
       483  374.0548  375.1023  375.0251  226.5159  224.1123  225.1470  222.9007  224.3130  224.2975   51.3925   26.3726   52.3800  -14.2643   -7.2941  -14.8294   -0.6892   -0.4339    0.0895    3.6152   -0.2008    0.8495    4.3044    0.2331    0.7600
       484  374.4246  375.0551  375.0257  224.7289  224.0651  225.1575  224.3878  224.3719  224.3432   51.5553   26.3864   52.3799  -14.1778   -7.2868  -14.8264   -7.7123   -0.4813    0.0664    0.3412   -0.3068    0.8143    8.0535    0.1745    0.7479
       485  375.0471  375.0334  375.0218  222.6526  224.2486  225.1596  225.4218  224.4466  224.3341   51.6150   26.3915   52.3745  -13.6458   -7.2416  -14.8317   -4.9459   -0.2618    0.1471   -2.7691   -0.1981    0.8255    2.1767    0.0637    0.6784
       486  375.3937  375.0066  375.0128  216.8545  224.1541  225.1152  228.2830  224.6718  224.3792   49.8803   26.2442   52.3409  -14.4566   -7.3105  -14.8367   -4.0894   -0.4091    0.1087  -11.4285   -0.5177    0.7361   -7.3391   -0.1086    0.6274
       487  375.4806  374.9762  375.0036  215.5678  224.1611  225.0547  225.8053  224.3674  224.3387   48.9625   26.1662   52.2997  -14.9073   -7.3487  -14.8240    3.7826   -0.4982    0.0991  -10.2375   -0.2064    0.7160  -14.0201    0.2919    0.6170
       488  375.9082  375.0019  375.0059  217.3850  225.0334  225.0560  224.5120  223.8315  224.3717   50.1303   26.2654   52.3129  -14.8985   -7.3480  -14.8153   -3.3458    0.3999   -0.0730   -7.1270    1.2019    0.6843   -3.7812    0.8019    0.7573
       489  375.7769  374.9906  375.0087  223.9394  225.5982  225.1461  222.7781  224.0957  224.3427   52.3367   26.3640   52.3588  -14.6668   -7.3646  -14.8146   -2.9260    1.2030   -0.0190    1.1612    1.5025    0.8034    4.0873    0.2996    0.8224
       490  375.0716  374.9266  375.0109  227.5133  225.5092  225.1280  224.7462  224.4351  224.3770   52.4371   26.2528   52.3509  -14.9463   -7.3058  -14.8076   -2.9027    1.3175   -0.0437    2.7671    1.0742    0.7510    5.6699   -0.2433    0.7947
       491  374.4248  374.8893  375.0147  231.9913  225.6017  225.1101  224.4530  224.4881  224.3761   53.2980   26.3259   52.3480  -14.5280   -7.2703  -14.8064    1.8253    1.1010   -0.0316    7.5383    1.1135    0.7340    5.7130    0.0125    0.7656
       492  374.0214  374.8494  375.0127  233.9175  225.6204  225.1176  223.8183  224.5974  224.3871   54.1077   26.3381   52.3593  -14.2952   -7.2542  -14.8053    5.6530    0.6439   -0.0425   10.0993    1.0230    0.7306    4.4463    0.3791    0.7731
       493  374.4490  374.8650  375.0163  235.6507  225.6923  225.1334  223.8814  224.5999  224.3956   54.5614   26.3832   52.3730  -14.6575   -7.2529  -14.8051   11.4918    0.5744    0.0043   11.7693    1.0924    0.7378    0.2775    0.5180    0.7335
       494  374.0501  374.8466  375.0178  231.8579  225.6787  225.1547  223.7573  224.5642  224.3560   52.7520   26.3621   52.3891  -15.0835   -7.3208  -14.8034    9.2701    0.4188    0.0361    8.1006    1.1146    0.7987   -1.1695    0.6958    0.7625
       495  374.1018  374.8506  375.0191  228.6405  225.8592  225.2225  223.5989  224.6235  224.3684   51.4496   26.4742   52.4162  -15.0569   -7.3343  -14.8134    0.8021    0.5454    0.0978    5.0415    1.2357    0.8542    4.2395    0.6903    0.7564
       496  374.6553  374.8696  375.0171  225.2931  225.9055  225.2449  223.5746  224.5566  224.3788   51.9064   26.5130   52.4178  -14.2000   -7.2615  -14.8177   -3.7760    0.8689    0.2058    1.7185    1.3489    0.8661    5.4945    0.4800    0.6603
       497  375.1852  374.8813  375.0099  222.7885  225.9171  225.2591  222.5911  224.3162  224.3393   52.1651   26.5350   52.4100  -14.1166   -7.2544  -14.8247   -3.2019    1.0171    0.3286    0.1974    1.6009    0.9198    3.3993    0.5838    0.5912
       498  375.7134  374.9076  375.0042  221.4358  226.2936  225.3064  226.1862  224.1439  224.3679   51.8904   26.5116   52.4124  -14.5114   -7.2879  -14.8248    1.6178    1.4861    0.4232   -4.7505    2.1497    0.9384   -6.3683    0.6636    0.5153
       499  375.9097  374.9440  374.9944  220.6534  226.7256  225.3783  223.7043  223.9655  224.3226   51.2670   26.4587   52.4210  -15.2227   -7.3484  -14.8182   10.0889    2.0218    0.6043   -3.0509    2.7601    1.0558  -13.1398    0.7384    0.4515
       500  375.3466  374.8963  374.9764  218.2866  226.8021  225.4116  225.9481  224.0874  224.2708   49.1863   26.2820   52.4141  -15.1982   -7.3463  -14.8082    5.9528    2.8115    0.6634   -7.6615    2.7147    1.1408  -13.6143   -0.0968    0.4774
       501  375.5076  374.8742  374.9702  217.2438  226.2518  225.3862  226.7607  224.4147  224.2840   48.6959   25.9827   52.4053  -14.7234   -7.3509  -14.7962   -9.8719    2.2406    0.5138   -9.5169    1.8371    1.1023    0.3550   -0.4035    0.5885
       502  375.0399  374.8715  374.9647  229.2333  226.3979  225.4275  221.0154  224.0979  224.2612   53.3920   25.9907   52.4195  -14.9246   -7.3846  -14.8052   -2.0294    2.3148    0.5847    8.2179    2.3000    1.1664   10.2474   -0.0148    0.5817
       503  374.3595  374.8661  374.9617  232.3444  226.4269  225.4569  223.7552  224.0405  224.2684   53.9721   26.0400   52.4198  -14.9353   -7.3855  -14.8084    1.4635    2.2850    0.6262    8.5892    2.3864    1.1885    7.1257    0.1013    0.5623
       504  374.1949  374.8809  374.9653  236.0366  226.6069  225.4751  224.1834  224.0715  224.3004   54.6010   26.0819   52.4181  -14.5473   -7.4069  -14.7945    7.2833    2.4235    0.6018   11.8531    2.5353    1.1747    4.5698    0.1118    0.5729
       505  374.2468  374.8636  374.9681  235.3456  226.5810  225.4703  224.4332  224.1184  224.3228   53.8725   26.0234   52.4120  -14.8197   -7.4207  -14.7767   10.9426    2.3769    0.5789   10.9125    2.4626    1.1475   -0.0302    0.0857    0.5686
       506  374.1203  374.8690  374.9717  231.0998  226.5228  225.4504  219.0146  223.7546  224.2219   52.6252   26.0136   52.4172  -14.2397   -7.3560  -14.7582    6.2905    2.1483    0.5880   12.0852    2.7682    1.2285    5.7947    0.6199    0.6406
       507  374.2408  374.8809  374.9736  228.0971  226.4767  225.5122  224.1649  223.8026  224.2723   52.0143   26.2538   52.4334  -14.7706   -7.3197  -14.7553   -0.9402    2.0003    0.6608    3.9323    2.6740    1.2399    4.8725    0.6737    0.5791
       508  374.7309  374.8871  374.9759  224.1973  226.3866  225.4984  223.2093  223.7726  224.2725   51.6379   26.2218   52.4253  -14.0233   -7.2562  -14.7548   -9.2732    1.5485    0.5744    0.9880    2.6140    1.2259   10.2611    1.0655    0.6515
       509  375.2371  374.8915  374.9756  221.0981  226.2430  225.4683  224.2843  223.9164  224.2463   51.5853   26.2174   52.4168  -13.4213   -7.2051  -14.7406   -7.2417    1.2054    0.5564   -3.1861    2.3266    1.2221    4.0556    1.1212    0.6656
       510  375.7807  374.8970  374.9725  221.2850  226.2306  225.5280  226.3504  223.9299  224.2446   51.8642   26.2411   52.4276  -13.9807   -7.2526  -14.7268    0.0742    1.0785    0.5796   -5.0654    2.3007    1.2834   -5.1395    1.2222    0.7038
       511  375.9582  374.9012  374.9691  219.1271  226.1010  225.5466  226.4464  224.1628  224.3125   50.7489   26.1463   52.4192  -15.2150   -7.3574  -14.7327    5.2837    0.6704    0.5825   -7.3193    1.9382    1.2341  -12.6030    1.2678    0.6516
       512  375.8165  374.9410  374.9643  219.8624  226.2348  225.6998  226.3993  224.2011  224.2542   49.9106   26.0751   52.4536  -15.0663   -7.3448  -14.7178    1.9152    0.3275    0.6867   -6.5370    2.0337    1.4456   -8.4521    1.7062    0.7589
       513  375.7051  374.9573  374.9674  222.8182  226.6930  225.7473  225.2146  224.0741  224.3056   50.3251   26.2091   52.4575  -14.7549   -7.3474  -14.7189   -1.1098    1.0477    0.6540   -2.3964    2.6190    1.4417   -1.2866    1.5713    0.7876
       514  375.1118  374.9634  374.9679  226.6594  226.4744  225.7167  222.5460  224.2040  224.3160   51.6230   26.0095   52.4332  -14.2195   -7.2866  -14.7183   -3.3270    0.9375    0.6416    4.1134    2.2704    1.4006    7.4404    1.3329    0.7591
       515  374.6476  374.9871  374.9718  233.0090  226.5291  225.7264  224.4470  224.2609  224.3283   53.5768   26.1755   52.4231  -14.4158   -7.3032  -14.7189   -0.7440    0.7560    0.6614    8.5620    2.2681    1.3981    9.3060    1.5121    0.7367
       516  374.5407  375.0165  374.9753  234.3540  226.3862  225.7122  222.2347  224.0954  224.3331   54.3854   26.1572   52.4093  -14.0638   -7.2622  -14.7067    5.7675    0.6273    0.6143   12.1193    2.2907    1.3791    6.3518    1.6635    0.7648
       517  374.6900  375.0541  374.9831  235.8387  226.4280  225.7418  223.1110  223.9831  224.3343   54.5133   26.2116   52.4190  -14.5075   -7.2357  -14.6984    8.6393    0.4317    0.5186   12.7278    2.4449    1.4075    4.0884    2.0133    0.8889
       518  374.8097  375.1070  374.9939  231.3561  226.4477  225.7368  223.9649  224.3628  224.3201   52.4028   26.1945   52.4295  -14.2077   -7.2332  -14.6889    7.1757    0.4996    0.5245    7.3913    2.0848    1.4166    0.2156    1.5853    0.8921
       519  374.9255  375.1652  375.0059  227.3685  226.3858  225.7239  222.4052  224.2134  224.3327   52.3650   26.4030   52.4435  -14.3957   -7.1762  -14.6886    0.3007    0.6049    0.5495    4.9633    2.1724    1.3912    4.6626    1.5674    0.8417
       520  374.9286  375.1814  375.0096  225.0395  226.4550  225.7063  222.7861  224.1786  224.3067   52.4837   26.4131   52.4477  -14.4348   -7.1796  -14.6979   -4.2802    1.0153    0.5881    2.2534    2.2764    1.3996    6.5336    1.2611    0.8115
       521  375.4968  375.2035  375.0122  222.8614  226.6048  225.7115  224.7763  224.2204  224.2890   52.1905   26.3882   52.4459  -13.8401   -7.1291  -14.6911   -3.9120    1.2981    0.6525   -1.9149    2.3844    1.4226    1.9971    1.0862    0.7700
       522  375.7029  375.1971  375.0118  220.0278  226.5014  225.7422  225.8622  224.1802  224.2921   51.3699   26.3185   52.4513  -13.8896   -7.1333  -14.6838    0.9616    1.3711    0.7179   -5.8344    2.3212    1.4501   -6.7959    0.9501    0.7322
       523  375.4098  375.1505  375.0008  215.2775  226.1745  225.6960  227.9453  224.3076  224.2910   48.8357   26.1032   52.4286  -15.0177   -7.2291  -14.6787    4.1238    1.2725    0.7174  -12.6677    1.8669    1.4050  -16.7915    0.5944    0.6875
       524  375.7372  375.1437  374.9957  215.0963  225.7697  225.6367  225.5089  224.2319  224.3067   48.7723   26.0978   52.4050  -14.6181   -7.1951  -14.6715   -4.2394    0.7498    0.6020  -10.4126    1.5378    1.3300   -6.1732    0.7879    0.7279
       525  375.9342  375.1625  375.0049  226.5775  226.0787  225.7167  221.7033  223.9433  224.2319   52.9215   26.3112   52.4408  -14.7804   -7.1972  -14.6710    0.9565    0.9197    0.6948    4.8741    2.1353    1.4848    3.9177    1.2157    0.7900
       526  375.5223  375.1974  375.0168  226.3235  226.0502  225.6985  225.6713  224.2088  224.2672   52.4924   26.2191   52.4432  -15.3819   -7.2793  -14.6858   -7.9224    0.5294    0.5955    0.6521    1.8414    1.4313    8.5746    1.3120    0.8357
       527  374.8929  375.2176  375.0259  230.5610  225.8489  225.6760  219.1465  223.7731  224.1947   53.4517   26.3006   52.4471  -14.1241   -7.1725  -14.6923    3.4680    0.8755    0.6469   11.4145    2.0758    1.4813    7.9465    1.2003    0.8344
       528  374.6340  375.2255  375.0315  233.5880  225.7839  225.6395  224.9180  224.0011  224.1819   54.2668   26.2905   52.4362  -13.8931   -7.1580  -14.6824    3.0721    0.6466    0.5713    8.6700    1.7828    1.4576    5.5978    1.1362    0.8864
       529  374.6537  375.2224  375.0347  233.5118  225.5862  225.6750  222.3947  223.9402  224.1560   53.6789   26.2197   52.4488  -14.0533   -7.1194  -14.6683   11.1928    0.8635    0.5936   11.1171    1.6461    1.5190   -0.0757    0.7826    0.9253
       530  374.5080  375.1993  375.0333  230.4062  225.5134  225.6844  226.9010  224.1654  224.1929   51.7326   26.1683   52.4408  -14.5571   -7.1462  -14.6654    5.8084    0.7586    0.6776    3.5052    1.3479    1.4916   -2.3032    0.5893    0.8140
       531  374.2698  375.1436  375.0285  226.0441  225.4009  225.6470  220.8743  224.0354  224.1976   51.1467   26.3699   52.4188  -13.7319   -7.0709  -14.6567    1.7891    0.8850    0.7204    5.1698    1.3655    1.4494    3.3807    0.4805    0.7290
       532  374.8357  375.1359  375.0258  219.0096  224.9053  225.5435  224.7892  224.2001  224.2160   49.9534   26.2686   52.3742  -14.5392   -7.1395  -14.6690  -14.9313    0.0096    0.5922   -5.7795    0.7052    1.3276    9.1518    0.6957    0.7353
       533  375.8077  375.1623  375.0344  222.2990  224.8575  225.5742  223.8841  224.1243  224.2048   52.6983   26.5017   52.3936  -13.9391   -7.0885  -14.6769   -9.1592   -0.4361    0.5645   -1.5851    0.7333    1.3694    7.5741    1.1693    0.8049
       534  376.1803  375.2016  375.0420  219.7964  224.8385  225.6037  227.9005  224.2918  224.2435   51.6541   26.4130   52.4043  -14.6632   -7.1500  -14.6885    0.3790   -0.4839    0.6085   -8.1040    0.5467    1.3601   -8.4831    1.0306    0.7516
       535  376.2946  375.2768  375.0498  219.0025  225.1549  225.6634  223.8531  223.9442  224.1495   50.9306   26.3516   52.4378  -14.9548   -7.1748  -14.6847    7.3733   -0.2080    0.6517   -4.8506    1.2106    1.5139  -12.2238    1.4186    0.8622
       536  376.1253  375.3097  375.0586  217.4599  225.3556  225.8392  229.3170  224.2677  224.1239   49.3262   26.2153   52.4904  -15.1017   -7.1873  -14.6760    0.4910    0.1938    0.8965  -11.8571    1.0879    1.7152  -12.3481    0.8941    0.8187
       537  375.8899  375.3061  375.0582  217.6568  224.6224  225.8488  222.9349  224.3689  224.1794   49.7938   25.9582   52.4683  -14.9356   -7.2000  -14.6838   -7.3244   -0.4868    0.9848   -5.2780    0.2535    1.6695    2.0464    0.7403    0.6847
       538  375.6203  375.3144  375.0547  228.5067  224.8078  225.8479  220.3068  223.9133  224.1718   53.5248   25.9645   52.4434  -14.8190   -7.2590  -14.6584    0.3447    0.2153    1.0629    8.1999    0.8946    1.6761    7.8552    0.6792    0.6132
       539  374.7447  375.3022  375.0525  230.4127  224.7957  225.8405  224.1032  224.3207  224.1767   53.2323   25.9396   52.4347  -14.8295   -7.2599  -14.6447    0.2104   -0.0524    0.9930    6.3095    0.4750    1.6638    6.0991    0.5274    0.6707
       540  374.4638  375.2878  375.0520  234.9698  224.9130  225.8621  222.7972  224.1405  224.1812   54.3408   25.9459   52.4411  -14.0388   -7.2723  -14.6371    7.8349    0.3521    0.9387   12.1727    0.7725    1.6809    4.3378    0.4204    0.7422
       541  374.5442  375.2785  375.0568  233.8886  224.9450  225.8465  223.8907  224.2676  224.1819   53.2764   25.9117   52.4283  -14.0612   -7.2730  -14.6267    8.2289    0.1004    0.8694    9.9979    0.6774    1.6647    1.7691    0.5771    0.7953
       542  374.7083  375.2938  375.0632  228.7922  224.8212  225.7968  226.0791  224.2046  224.2103   51.1932   25.8703   52.4001  -13.9616   -7.2273  -14.6231    7.1512    0.2034    0.8057    2.7130    0.6166    1.5864   -4.4382    0.4133    0.7807
       543  374.4873  375.3123  375.0706  216.8398  224.0395  225.6324  232.9538  225.2305  224.3811   47.5030   25.7155   52.3341  -15.4978   -7.2609  -14.6441  -16.3829   -1.3400    0.5391  -16.1140   -1.1910    1.2513    0.2689    0.1490    0.7122
       544  374.9929  375.3252  375.0799  222.8096  224.3518  225.6009  219.9843  224.8356  224.3087   52.2596   26.1195   52.3460  -14.5927   -7.1841  -14.6511  -12.8435   -1.1684    0.4548    2.8253   -0.4838    1.2922   15.6689    0.6846    0.8374
       545  375.4355  375.2936  375.0865  221.3742  224.2732  225.5792  223.3148  224.7872  224.2729   52.9668   26.1795   52.3690  -13.2055   -7.0663  -14.6436  -12.1003   -1.4182    0.3333   -1.9406   -0.5140    1.3062   10.1597    0.9042    0.9730
       546  376.1689  375.2926  375.0992  219.8916  224.2811  225.6291  226.5520  224.6764  224.2444   52.3714   26.1290   52.4113  -14.1064   -7.1428  -14.6377   -3.2040   -1.7127    0.3478   -6.6604   -0.3953    1.3846   -3.4564    1.3174    1.0368
       547  376.4621  375.3069  375.1159  217.8791  224.1856  225.6684  229.4309  225.1501  224.3060   50.3525   25.9575   52.4349  -15.0907   -7.2264  -14.6408    6.7832   -1.7628    0.3988  -11.5519   -0.9645    1.3623  -18.3350    0.7984    0.9635
       548  375.6572  375.2671  375.1116  218.7147  224.2922  225.6909  224.4905  224.7402  224.3057   49.7530   25.9066   52.4285  -15.9405   -7.2985  -14.6585    6.0253   -1.2928    0.5580   -5.7758   -0.4480    1.3852  -11.8011    0.8448    0.8273
       549  375.6172  375.2447  375.1090  224.2955  224.8379  225.6968  221.4736  224.6201  224.2842   51.8062   26.0720   52.4198  -15.1433   -7.3156  -14.6663    1.3662   -0.5785    0.6285    2.8219    0.2178    1.4125    1.4557    0.7963    0.7840
       550  375.1573  375.2054  375.1104  228.9030  224.8715  225.7204  225.0151  225.0200  224.2888   52.7153   26.0281   52.4245  -14.7627   -7.3099  -14.6632   -2.3074   -0.8037    0.6386    3.8878   -0.1485    1.4316    6.1952    0.6553    0.7929
       551  374.6460  375.1973  375.1141  232.5026  225.0433  225.7288  223.7477  224.9908  224.2772   53.1567   26.0656   52.4221  -14.7021   -7.3048  -14.6662    3.7592   -0.5121    0.6704    8.7549    0.0525    1.4516    4.9957    0.5646    0.7811
       552  374.5352  375.2033  375.1228  234.7377  225.0236  225.7427  222.7276  224.9849  224.2587   54.2136   26.0548   52.4239  -14.1373   -7.3131  -14.6635    6.6972   -0.6087    0.6882   12.0100    0.0387    1.4840    5.3128    0.6474    0.7959
       553  374.5492  375.2038  375.1245  232.0911  224.8709  225.6823  224.3492  225.0238  224.2666   52.5984   25.9972   52.3906  -14.2258   -7.3271  -14.6561    9.0632   -0.5378    0.6469    7.7419   -0.1529    1.4156   -1.3212    0.3849    0.7687
       554  374.4733  375.1857  375.1310  226.7048  224.7108  225.6032  225.5695  224.9847  224.2944   49.5881   25.8740   52.3420  -14.3737   -7.3587  -14.6453    6.3344   -0.6005    0.6019    1.1353   -0.2739    1.3087   -5.1991    0.3266    0.7069
       555  374.3864  375.1772  375.1359  227.9152  225.6514  225.5909  224.4068  224.2588  224.3082   51.1919   25.9963   52.3377  -14.3916   -7.2272  -14.6340   -1.2542    0.6844    0.5669    3.5084    1.3927    1.2827    4.7626    0.7082    0.7158
       556  374.8008  375.1614  375.1382  223.5641  225.7135  225.5625  221.0639  224.3475  224.2669   51.5645   26.0279   52.3318  -14.4378   -7.2311  -14.6380   -5.9277    1.2528    0.5316    2.5001    1.3659    1.2956    8.4278    0.1131    0.7640
       557  375.4550  375.1631  375.1428  219.1107  225.5212  225.5000  224.3772  224.4378  224.2972   51.3346   26.0084   52.3177  -14.0627   -7.1993  -14.6371  -12.6465    1.2065    0.3711   -5.2665    1.0835    1.2027    7.3800   -0.1230    0.8316
       558  376.4843  375.1890  375.1555  220.4600  225.5679  225.4840  224.2866  224.2516  224.2660   52.6582   26.1208   52.3308  -14.2331   -7.2137  -14.6324   -2.1911    1.2897    0.3085   -3.8266    1.3164    1.2179   -1.6355    0.0267    0.9094
       559  376.3724  375.1814  375.1634  217.7701  225.5587  225.4350  227.8983  224.1214  224.3372   50.8025   25.9632   52.3229  -15.7893   -7.3459  -14.6420    2.9252    0.9620    0.1868  -10.1282    1.4373    1.0977  -13.0534    0.4752    0.9109
       560  375.9222  375.2039  375.1731  215.9624  225.3249  225.3955  226.7063  224.3096  224.3501   48.3873   25.7581   52.3093  -15.1502   -7.2916  -14.6412    4.6279    0.8434    0.1643  -10.7438    1.0153    1.0454  -15.3717    0.1720    0.8810
       561  375.4433  375.1895  375.1721  222.1083  225.1451  225.4755  225.7962  224.6649  224.3342   50.6802   25.6655   52.3419  -14.4607   -7.2355  -14.6368   -5.8491    0.2503    0.2305   -3.6879    0.4803    1.1412    2.1612    0.2300    0.9107
       562  375.1841  375.1918  375.1745  225.0390  224.8170  225.4042  225.4199  224.6992  224.4091   51.7785   25.5485   52.3145  -14.6263   -7.2291  -14.6318   -6.7582   -0.1277    0.1501   -0.3809    0.1177    0.9951    6.3773    0.2454    0.8450
       563  374.5858  375.1869  375.1782  232.6309  224.8275  225.4089  224.5014  224.7612  224.4213   54.0509   25.7415   52.3159  -14.0257   -7.1781  -14.6163   -0.9309   -0.5132    0.1108    8.1294    0.0663    0.9876    9.0604    0.5795    0.8768
       564  374.3564  375.1717  375.1810  234.6196  224.8175  225.3848  221.9436  224.6946  224.3833   54.7687   25.7886   52.3187  -15.2104   -7.2692  -14.6276    6.6871   -0.5140    0.1007   12.6760    0.1229    1.0015    5.9889    0.6369    0.9009
       565  374.2754  375.1485  375.1815  232.7315  224.8719  225.3404  225.1050  224.7588  224.3947   53.4184   25.8582   52.3110  -16.3127   -7.4465  -14.6530   10.4960   -0.3924    0.0931    7.6265    0.1131    0.9457   -2.8694    0.5055    0.8527
       566  373.9809  375.1107  375.1793  230.8220  225.1878  225.3362  221.2157  224.4248  224.4285   52.0490   26.0470   52.3022  -14.9713   -7.4923  -14.6642    7.4830   -0.3042    0.1114    9.6064    0.7629    0.9077    2.1233    1.0672    0.7963
       567  374.0895  375.0855  375.1768  228.6117  225.2469  225.3449  224.0605  224.3954  224.4267   51.5041   26.3117   52.2935  -14.8128   -7.4636  -14.6649   -0.0111   -0.1987    0.1271    4.5512    0.8515    0.9182    4.5623    1.0502    0.7911
       568  374.5443  375.0644  375.1737  222.7337  225.1787  225.3209  220.6899  224.3646  224.3853   50.9581   26.2654   52.2819  -14.8613   -7.4678  -14.6791   -4.1707   -0.0542    0.2110    2.0439    0.8140    0.9356    6.2145    0.8682    0.7245
       569  375.3025  375.0515  375.1748  220.2885  225.2787  225.3071  223.4366  224.2848  224.3709   51.2526   26.2904   52.2763  -14.4922   -7.4364  -14.6973   -8.9865    0.2566    0.1814   -3.1480    0.9939    0.9362    5.8384    0.7373    0.7548
       570  375.9507  375.0076  375.1776  221.1452  225.3350  225.3048  225.3705  224.3739  224.3548   52.2291   26.3733   52.2825  -14.4908   -7.4363  -14.7060    2.6163    0.6517    0.2232   -4.2253    0.9611    0.9500   -6.8415    0.3094    0.7268
       571  375.8329  374.9618  375.1754  216.4549  225.2233  225.2594  226.1479  224.2252  224.3497   49.6922   26.1579   52.2645  -15.0872   -7.4869  -14.7038    2.5305    0.6182    0.1764   -9.6931    0.9981    0.9097  -12.2236    0.3799    0.7333
       572  375.3185  374.9105  375.1670  214.3425  225.0857  225.1656  227.0648  224.2556  224.3610   46.8673   25.9179   52.2128  -14.8613   -7.4678  -14.7003    7.0357    0.8227    0.2634  -12.7222    0.8301    0.8046  -19.7580    0.0074    0.5412
       573  375.3075  374.8994  375.1604  219.3321  224.8575  225.1083  226.5596  224.3184  224.3831   49.0582   25.7846   52.1920  -14.7501   -7.4915  -14.7003  -10.7748    0.4179    0.1045   -7.2275    0.5391    0.7252    3.5473    0.1213    0.6207
       574  375.2177  374.9022  375.1622  229.3114  225.2204  225.1534  218.4218  223.7240  224.3130   54.1253   25.7909   52.2345  -14.0579   -7.4943  -14.6975   -3.9963    0.6524    0.0931   10.8896    1.4964    0.8403   14.8859    0.8439    0.7472
       575  374.7495  374.9157  375.1639  230.8136  225.0710  225.1173  223.4542  223.6379  224.2968   54.1316   25.7915   52.2439  -14.4938   -7.5313  -14.6988   -4.7795    0.3361    0.0268    7.3593    1.4331    0.8205   12.1388    1.0969    0.7937
       576  374.4919  374.9272  375.1631  233.0544  224.9380  225.0952  224.5684  223.8609  224.3364   53.9913   25.7254   52.2373  -14.8878   -7.5039  -14.7128    4.6291    0.1613    0.0075    8.4860    1.0772    0.7588    3.8568    0.9159    0.7514
       577  374.6085  374.9554  375.1617  231.9212  224.8693  225.0287  223.4454  223.7199  224.3421   52.6725   25.6621   52.2060  -14.4690   -7.3473  -14.7122   11.9413    0.2841    0.0636    8.4758    1.1493    0.6866   -3.4655    0.8652    0.6231
       578  374.5188  374.9967  375.1573  230.2975  224.8290  225.0125  223.8263  223.9202  224.3399   51.6972   25.6351   52.1952  -14.0511   -7.2767  -14.7098    4.0263    0.0189    0.0152    6.4713    0.9088    0.6725    2.4450    0.8899    0.6573
       579  374.7487  375.0527  375.1542  228.3994  224.8110  225.0300  222.7827  223.8117  224.3464   52.5069   26.1141   52.1976  -13.9737   -7.2013  -14.7026   -1.3671   -0.0963   -0.0131    5.6167    0.9993    0.6836    6.9838    1.0956    0.6967
       580  375.1559  375.1030  375.1580  224.6697  224.9701  225.0239  224.3502  224.1125  224.3721   51.6864   26.0444   52.1840  -13.7986   -7.1865  -14.6918   -7.7183   -0.3878   -0.0696    0.3195    0.8576    0.6518    8.0377    1.2454    0.7214
       581  375.9118  375.1547  375.1650  218.6830  224.8337  224.9529  224.6222  224.2132  224.3694   51.4054   26.0205   52.1707  -13.8914   -7.1944  -14.6927  -11.2862   -0.5832   -0.1949   -5.9392    0.6205    0.5834    5.3470    1.2037    0.7783
       582  376.4286  375.1940  375.1769  222.3508  224.9328  224.9911  224.4091  224.1342  224.3456   53.3469   26.1854   52.2043  -14.6859   -7.2618  -14.7062    1.1622   -0.7027   -0.1916   -2.0583    0.7986    0.6455   -3.2205    1.5013    0.8371
       583  376.3985  375.2420  375.1938  217.0841  224.9863  225.0218  227.1352  224.2180  224.3318   50.8638   25.9745   52.2387  -15.8950   -7.3645  -14.7211    4.4474   -0.5399   -0.1861  -10.0511    0.7682    0.6900  -14.4985    1.3081    0.8760
       584  375.8439  375.2867  375.1956  215.9783  225.1252  225.0368  227.1561  224.2258  224.3598   47.5444   25.6926   52.2179  -15.4151   -7.3238  -14.7346    7.6012   -0.4918    0.0151  -11.1778    0.8994    0.6770  -18.7790    1.3913    0.6619
       585  375.4785  375.3007  375.1881  221.7583  225.3246  224.9576  222.7953  223.9164  224.3777   49.7065   25.7459   52.1650  -14.0797   -7.2687  -14.7231   -4.0631    0.0598   -0.0675   -1.0371    1.4082    0.5798    3.0260    1.3484    0.6473
       586  374.8857  375.2725  375.1772  228.0698  225.2192  224.9872  224.0561  224.3949  224.3503   52.2050   25.5823   52.1601  -14.4474   -7.2647  -14.7072   -3.3372    0.1158    0.0104    4.0137    0.8242    0.6369    7.3509    0.7084    0.6265
       587  374.2325  375.2300  375.1664  231.4381  225.2705  225.0016  223.4344  224.3933  224.4208   52.9088   25.6420   52.1509  -14.9329   -7.3059  -14.7210    3.3994    0.7880    0.0093    8.0038    0.8772    0.5808    4.6044    0.0892    0.5715
       588  374.1726  375.2029  375.1586  234.9216  225.4291  225.0243  223.5386  224.3058  224.3973   54.1944   25.6593   52.1497  -14.9443   -7.3107  -14.7388    5.9790    0.9027    0.0587   11.3831    1.1233    0.6269    5.4040    0.2206    0.5682
       589  374.0462  375.1552  375.1483  228.4917  225.1378  224.9390  226.9137  224.6004  224.4741   51.4494   25.5554   52.1118  -15.9901   -7.4399  -14.7717    4.1446    0.2405   -0.0610    1.5780    0.5374    0.4649   -2.5666    0.2969    0.5259
       590  373.9896  375.1146  375.1403  230.6852  225.1675  224.9433  222.1338  224.4706  224.4010   51.8299   25.5656   52.1133  -15.1868   -7.5271  -14.7814    4.9645    0.3125   -0.0740    8.5514    0.6970    0.5423    3.5869    0.3845    0.6163
       591  374.2110  375.0689  375.1393  228.8461  225.2055  224.9909  222.0211  224.4059  224.4204   52.7315   26.0061   52.1402  -15.1505   -7.5046  -14.8055   -3.0155    0.1725   -0.1556    6.8250    0.7996    0.5704    9.8405    0.6271    0.7260
       592  374.7769  375.0377  375.1384  224.3544  225.1796  225.0787  224.9989  224.4592  224.4239   51.5161   25.9029   52.1668  -14.4331   -7.4437  -14.8037   -6.7298    0.2537   -0.0208   -0.6445    0.7204    0.6548    6.0853    0.4667    0.6756
       593  375.3502  374.9900  375.1306  221.9945  225.4608  225.0736  224.5968  224.4570  224.4360   51.5199   25.9032   52.1467  -14.2549   -7.4285  -14.8091   -6.1263    0.6919    0.0307   -2.6023    1.0038    0.6375    3.5240    0.3118    0.6068
       594  375.6653  374.9273  375.1221  217.3880  225.0529  225.0340  225.2884  224.5293  224.3931   50.3236   25.8016   52.1241  -13.9841   -7.4055  -14.7975    0.5538    0.6419    0.0336   -7.9004    0.5236    0.6409   -8.4542   -0.1183    0.6073
       595  375.4221  374.8444  375.1073  210.4168  224.4866  224.8881  229.5393  224.7335  224.4897   47.6138   25.5715   52.0678  -15.4455   -7.5296  -14.8059   -3.2281   -0.0100   -0.1465  -19.1226   -0.2468    0.3985  -15.8944   -0.2369    0.5449
       596  375.8019  374.8408  375.1018  219.1941  224.7598  224.9176  220.5850  224.1754  224.3413   50.7797   25.8404   52.0925  -14.2975   -7.4321  -14.7922    1.7688   -0.5053   -0.1248   -1.3909    0.5844    0.5762   -3.1597    1.0897    0.7010
       597  375.9191  374.8770  375.1023  223.2061  224.8788  225.0088  222.9240  224.1860  224.3411   52.2067   26.0459   52.1322  -14.3866   -7.4574  -14.7832   -2.8425   -0.4050   -0.0511    0.2821    0.6928    0.6676    3.1246    1.0978    0.7187
       598  375.2479  374.9077  375.0959  227.9385  224.8676  224.9991  224.3441  224.2104  224.4097   52.6207   26.0214   52.1168  -15.1784   -7.4782  -14.7893    0.7244   -0.0600   -0.0446    3.5944    0.6572    0.5894    2.8700    0.7172    0.6341
       599  374.6359  374.9409  375.0941  232.3967  224.9464  225.0318  223.2952  224.1990  224.3964   53.6804   26.1114   52.1244  -14.7352   -7.4406  -14.7877    4.1773    0.0039    0.0206    9.1015    0.7474    0.6353    4.9242    0.7435    0.6148
       600  374.3956  374.9598  375.0930  234.9269  224.9469  225.0310  223.2381  224.1735  224.4039   54.2481   26.1160   52.1228  -14.8168   -7.4297  -14.8009    7.7348    0.1530    0.0189   11.6888    0.7734    0.6271    3.9540    0.6204    0.6082
       601  374.3326  374.9842  375.0894  235.2207  225.5184  225.0536  224.2854  223.9503  224.4106   54.0013   26.3327   52.1352  -15.2621   -7.3679  -14.8213    9.5199    0.6095    0.0408   10.9353    1.5681    0.6430    1.4155    0.9586    0.6022
       602  374.1249  374.9945  375.0804  232.4820  225.6562  225.1103  223.7583  224.0749  224.3750   52.3694   26.3741   52.1532  -15.0247   -7.3555  -14.8376    7.4013    0.7965    0.0446    8.7237    1.5813    0.7352    1.3224    0.7849    0.6906
       603  374.1602  374.9902  375.0749  223.7932  225.2270  225.2284  222.9215  224.1514  224.2046   49.8748   26.2972   52.1935  -15.0973   -7.4234  -14.8308   -2.8880    0.8073    0.2739    0.8716    1.0757    1.0238    3.7597    0.2684    0.7499
       604  374.7402  374.9872  375.0707  224.2822  225.2211  225.2526  223.4247  224.0220  224.2612   51.4325   26.4295   52.1794  -14.3679   -7.3615  -14.8270   -7.6960    0.7279    0.3585    0.8575    1.1991    0.9914    8.5535    0.4713    0.6329
       605  375.2742  374.9808  375.0680  223.2421  225.3271  225.2843  222.2190  223.8200  224.2425   52.4032   26.5120   52.1699  -13.9059   -7.3222  -14.8389   -2.0869    1.0710    0.5286    1.0231    1.5071    1.0418    3.1099    0.4361    0.5132
       606  375.9402  375.0034  375.0642  219.4776  225.4988  225.2775  225.7202  223.8555  224.2289   51.4228   26.4287   52.1538  -14.3015   -7.3558  -14.8422    2.3123    1.2155    0.6192   -6.2426    1.6433    1.0486   -8.5549    0.4278    0.4294
       607  375.7948  375.0350  375.0529  217.2270  226.0772  225.2664  226.6259  223.6081  224.1812   49.3999   26.2569   52.1376  -14.9915   -7.4144  -14.8405    3.3301    1.7725    0.5606   -9.3989    2.4692    1.0852  -12.7290    0.6967    0.5246
       608  375.1739  374.9817  375.0447  214.6617  225.6923  225.1976  228.1874  224.2537  224.2440   47.7905   26.1202   52.1042  -15.7489   -7.4787  -14.8372    2.3082    1.8183    0.4974  -13.5257    1.4385    0.9535  -15.8339   -0.3798    0.4561
       609  375.1023  374.9146  375.0362  221.5633  225.5573  225.1526  224.7712  224.4056  224.2982   49.9868   25.9377   52.0743  -14.8734   -7.5188  -14.8328   -2.9699    1.8078    0.4262   -3.2079    1.1517    0.8544   -0.2380   -0.6562    0.4283
       610  374.8921  374.8843  375.0317  229.1440  225.6597  225.1568  220.6976  224.0959  224.2249   53.3540   25.9100   52.0852  -13.5564   -7.4186  -14.8123   -6.2767    1.2132    0.3587    8.4463    1.5638    0.9319   14.7231    0.3505    0.5731
       611  374.3011  374.8568  375.0261  230.2481  225.4831  225.1197  224.9016  224.2279  224.2439   53.1447   25.8922   52.0850  -14.5990   -7.5072  -14.8106   -4.4822    0.5015    0.2233    5.3465    1.2552    0.8758    9.8287    0.7537    0.6526
       612  374.4146  374.8584  375.0240  234.2896  225.4289  225.1121  223.8745  224.2820  224.2633   54.1259   25.8819   52.0835  -14.1824   -7.4533  -14.8113    5.5842    0.3188    0.2044   10.4152    1.1470    0.8487    4.8310    0.8281    0.6444
       613  374.5201  374.8744  375.0235  235.1300  225.4212  225.1637  223.5499  224.2195  224.2498   54.1794   25.8970   52.1103  -14.8959   -7.4222  -14.8227    8.9692    0.2721    0.2028   11.5801    1.2017    0.9139    2.6109    0.9297    0.7112
       614  374.4844  374.9019  375.0237  232.2676  225.4048  225.2491  224.8940  224.3066  224.2394   52.5761   25.9129   52.1562  -15.1185   -7.4294  -14.8341   10.5229    0.5115    0.2670    7.3736    1.0982    1.0097   -3.1493    0.5866    0.7426
       615  374.2713  374.9114  375.0217  229.5268  225.8918  225.2764  223.8242  224.3833  224.2295   52.0438   26.2741   52.1707  -15.0194   -7.3674  -14.8448    2.3946    0.9602    0.3290    5.7026    1.5085    1.0469    3.3080    0.5483    0.7179
       616  374.7658  374.9135  375.0212  224.9097  225.9433  225.2985  224.8315  224.4989  224.2914   51.3663   26.2166   52.1673  -15.0586   -7.3708  -14.8554   -5.3847    1.1502    0.3379    0.0783    1.4444    1.0071    5.4630    0.2943    0.6692
       617  375.2343  374.9101  375.0174  221.1162  225.7628  225.3326  221.6035  224.4466  224.2443   51.2966   26.2106   52.1666  -13.9539   -7.2770  -14.8535   -5.0412    0.8993    0.4671   -0.4873    1.3162    1.0883    4.5539    0.4169    0.6212
       618  375.8664  374.9040  375.0073  220.7298  225.8657  225.3370  226.1748  224.4840  224.2753   51.9080   26.2626   52.1539  -14.4994   -7.3233  -14.8580   -0.7793    0.6452    0.4903   -5.4450    1.3817    1.0617   -4.6658    0.7366    0.5714
       619  375.9798  374.9197  375.0006  219.2021  226.0334  225.3614  226.8920  224.5066  224.2583   50.5814   26.1499   52.1501  -14.9476   -7.3614  -14.8437    6.5190    0.9160    0.5514   -7.6899    1.5269    1.1031  -14.2089    0.6109    0.5517
       620  375.5534  374.9520  374.9943  219.6311  226.4555  225.4237  228.7245  224.5522  224.2925   48.8925   26.0064   52.1587  -15.0364   -7.3689  -14.8418    2.0918    0.8976    0.5083   -9.0934    1.9033    1.1311  -11.1852    1.0057    0.6228
       621  375.2910  374.9675  374.9918  222.9187  226.5669  225.4370  221.5112  224.2842  224.2221   50.3359   26.0351   52.1531  -14.6248   -7.3485  -14.8445   -0.0823    1.1350    0.6031    1.4075    2.2826    1.2149    1.4898    1.1477    0.6118
       622  375.0609  374.9818  374.9897  228.6594  226.5258  225.4985  223.6904  224.5384  224.1927   52.5502   25.9846   52.1662  -14.3733   -7.3293  -14.8402   -5.2227    1.2245    0.6292    4.9690    1.9873    1.3058   10.1917    0.7628    0.6766
       623  374.5130  374.9992  374.9885  233.4292  226.7872  225.5116  223.7307  224.4422  224.1801   53.9051   26.0997   52.1637  -14.6577   -7.3535  -14.8509    3.4178    1.8738    0.7007    9.6985    2.3450    1.3316    6.2807    0.4712    0.6309
       624  374.5521  375.0109  374.9919  235.5625  226.8953  225.5276  224.5599  224.5004  224.2245   54.1240   26.0996   52.1527  -14.5081   -7.3811  -14.8390    5.8838    1.8992    0.6870   11.0026    2.3949    1.3031    5.1188    0.4957    0.6161
       625  374.5345  375.0121  374.9962  234.5311  226.8445  225.5582  224.2826  224.5626  224.2105   53.1919   26.0157   52.1489  -14.3226   -7.3324  -14.8052    7.5151    1.7757    0.6364   10.2486    2.2818    1.3477    2.7334    0.5061    0.7113
       626  374.7669  375.0338  375.0083  230.4239  226.7030  225.5521  223.7686  224.4763  224.2497   51.8373   25.9590   52.1456  -14.5266   -7.2870  -14.7984    4.7968    1.3365    0.5952    6.6553    2.2267    1.3024    1.8585    0.8902    0.7072
       627  374.9205  375.0889  375.0224  229.2275  226.6776  225.5626  223.0567  224.4111  224.2327   52.5226   26.2673   52.1629  -14.5128   -7.2425  -14.7933    0.4858    1.1744    0.6036    6.1708    2.2665    1.3299    5.6849    1.0921    0.7263
       628  374.8328  375.0944  375.0272  224.1852  226.6181  225.5865  222.9742  224.2585  224.2702   51.3322   26.1662   52.1693  -14.8251   -7.2691  -14.7927   -3.5971    1.3213    0.6130    1.2111    2.3596    1.3162    4.8082    1.0383    0.7032
       629  375.3166  375.1014  375.0274  221.3574  226.6385  225.6046  225.5699  224.5953  224.3064   51.3036   26.1638   52.1702  -14.0179   -7.2005  -14.7846   -5.0912    1.3170    0.6792   -4.2125    2.0432    1.2981    0.8787    0.7261    0.6189
       630  375.9518  375.1084  375.0274  218.9635  226.4934  225.5688  226.3735  224.6116  224.3229   51.1721   26.1526   52.1522  -14.4006   -7.2330  -14.7831   -1.1465    1.2869    0.6174   -7.4100    1.8817    1.2458   -6.2635    0.5948    0.6284
       631  375.8575  375.0980  375.0278  217.2465  226.3273  225.5822  226.5226  224.5803  224.3293   49.4754   26.0085   52.1485  -15.1295   -7.2949  -14.7838    5.9758    1.2407    0.6759   -9.2761    1.7470    1.2529  -15.2519    0.5062    0.5770
       632  375.7842  375.1176  375.0358  216.3820  226.0513  225.6168  226.5786  224.3980  224.3210   48.0953   25.8913   52.1694  -15.2365   -7.3040  -14.7902    3.7916    1.3851    0.6208  -10.1966    1.6533    1.2958  -13.9882    0.2682    0.6750
       633  375.0207  375.0954  375.0310  224.9722  226.2201  225.7095  222.7898  224.5031  224.2591   51.0709   25.9517   52.2025  -14.5720   -7.2997  -14.7872   -0.8019    1.3259    0.7847    2.1824    1.7170    1.4505    2.9843    0.3910    0.6658
       634  374.6993  375.0647  375.0222  228.1056  226.1731  225.6891  223.9753  224.5274  224.3534   51.9671   25.7871   52.1658  -14.4438   -7.2815  -14.7938   -7.4366    1.1379    0.7263    4.1303    1.6457    1.3356   11.5669    0.5078    0.6094
       635  374.4466  375.0593  375.0173  232.7076  226.1138  225.7202  223.4227  224.5020  224.3529   53.5799   25.9241   52.1564  -14.3759   -7.2757  -14.7918   -2.8616    0.6218    0.7578    9.2849    1.6117    1.3673   12.1465    0.9899    0.6095
       636  374.2021  375.0295  375.0123  234.8687  226.0548  225.7510  224.3059  224.4805  224.3484   54.2026   25.9308   52.1600  -14.4247   -7.2686  -14.7839    2.6885    0.3504    0.7248   10.5628    1.5744    1.4026    7.8743    1.2240    0.6777
       637  374.5762  375.0331  375.0118  235.4523  226.1330  225.8110  223.7034  224.4312  224.3528   53.6995   25.9739   52.1775  -14.4522   -7.2797  -14.7836   10.9629    0.6432    0.7082   11.7490    1.7018    1.4582    0.7861    1.0586    0.7500
       638  374.6034  375.0205  375.0131  234.1652  226.4201  225.8703  223.7239  224.4278  224.3512   53.3621   26.0909   52.2030  -15.0309   -7.3183  -14.7987    7.0196    0.8137    0.7541   10.4413    1.9922    1.5191    3.4217    1.1785    0.7649
       639  374.5104  374.9857  375.0090  228.3138  226.3425  225.8689  223.2332  224.4428  224.3589   51.4092   26.3723   52.1844  -15.1291   -7.3092  -14.8183    2.6765    0.9998    0.8228    5.0805    1.8996    1.5100    2.4041    0.8998    0.6872
       640  374.8316  374.9856  375.0037  224.0178  226.3287  225.8582  225.3502  224.6381  224.3753   50.6334   26.3064   52.1665  -14.2710   -7.2363  -14.8263   -8.7494    0.5763    0.8059   -1.3324    1.6906    1.4828    7.4170    1.1143    0.6769
       641  375.7588  375.0232  375.0011  223.2751  226.4916  225.9361  226.1220  224.6850  224.4008   51.7863   26.4043   52.1730  -13.4828   -7.1694  -14.8194   -6.2124    0.4811    0.8921   -2.8469    1.8066    1.5354    3.3655    1.3255    0.6433
       642  376.4162  375.0613  375.0009  220.7862  226.6414  225.9104  223.2656  224.4296  224.3820   52.4719   26.4626   52.1581  -13.9457   -7.2087  -14.8068    1.0978    0.6656    0.8910   -2.4794    2.2118    1.5284   -3.5773    1.5463    0.6374
       643  376.5037  375.1162  375.0027  217.5975  226.6712  225.9192  229.1492  224.6526  224.4162   50.5124   26.2961   52.1521  -15.7154   -7.3590  -14.8038    5.0289    0.5851    0.9009  -11.5517    2.0185    1.5029  -16.5807    1.4334    0.6021
       644  376.0318  375.1372  375.0059  214.9829  226.5524  225.9023  230.3142  224.9699  224.4699   48.1994   26.0997   52.1632  -15.2850   -7.3225  -14.8015    3.5561    0.5651    0.8322  -15.3313    1.5824    1.4324  -18.8874    1.0173    0.6002
       645  375.9279  375.2118  375.0133  208.0049  225.1578  225.6762  230.4294  225.5978  224.5953   46.3340   25.7104   52.1078  -15.9060   -7.4321  -14.8316  -16.0180   -0.6855    0.6356  -22.4244   -0.4400    1.0808   -6.4064    0.2455    0.4452
       646  375.8419  375.3089  375.0295  227.0952  225.0720  225.6596  217.7273  225.0672  224.4878   53.9793   25.7443   52.1380  -14.4741   -7.4404  -14.8320  -10.9205   -0.9814    0.5068    9.3678    0.0048    1.1718   20.2883    0.9862    0.6649
       647  375.3904  375.3864  375.0485  237.6937  225.4818  225.7625  221.1250  224.8783  224.4499   57.5365   26.0464   52.2166  -15.4349   -7.5221  -14.8406    1.2402   -0.6443    0.4713   16.5687    0.6035    1.3126   15.3286    1.2477    0.8412
       648  374.8224  375.4391  375.0595  237.3535  225.6929  225.8038  224.9861  224.9361  224.4745   56.2087   26.2168   52.2508  -15.3600   -7.6015  -14.8476    9.4348   -0.0713    0.5300   12.3674    0.7567    1.3293    2.9326    0.8280    0.7992
       649  374.7451  375.4535  375.0714  235.6007  225.7055  225.9245  223.9387  224.9561  224.4239   54.3841   26.2749   52.3006  -14.8567   -7.6358  -14.8284   11.5585   -0.0207    0.6560   11.6620    0.7494    1.5006    0.1035    0.7701    0.8446
       650  374.5986  375.4531  375.0808  231.5261  225.5030  225.9374  224.7329  225.0335  224.4638   52.2771   26.1917   52.3075  -15.1257   -7.6431  -14.8274   10.1463    0.2192    0.7355    6.7933    0.4695    1.4736   -3.3531    0.2503    0.7381
       651  374.5035  375.4525  375.0858  227.0227  225.3933  225.9064  226.0052  225.2689  224.5315   50.5426   26.3907   52.2703  -14.5348   -7.5794  -14.8170    2.4166    0.1971    0.8277    1.0175    0.1244    1.3749   -1.3991   -0.0727    0.5472
       652  374.7262  375.4438  375.0849  224.4258  225.4269  225.9076  224.8533  225.2281  224.5291   50.7468   26.4081   52.2572  -13.8142   -7.5182  -14.8065   -9.3321    0.1492    0.7850   -0.4275    0.1988    1.3785    8.9046    0.0496    0.5935
       653  375.6434  375.4340  375.0899  223.6126  225.4556  225.9351  225.1857  225.1485  224.5391   52.1347   26.5259   52.2677  -13.1502   -7.4618  -14.7877   -7.8164    0.0130    0.7563   -1.5731    0.3070    1.3960    6.2433    0.2940    0.6397
       654  376.4235  375.4346  375.1024  221.4516  225.5102  226.0019  222.6511  225.0980  224.4957   52.7285   26.5764   52.3085  -14.5426   -7.5801  -14.7972    0.8871   -0.0044    0.7617   -1.1995    0.4122    1.5061   -2.0866    0.4165    0.7444
       655  376.7646  375.4568  375.1252  218.2973  225.5697  226.1358  228.4921  225.0422  224.4780   50.8027   26.4128   52.3627  -15.3175   -7.6459  -14.7950    0.9485   -0.3509    0.8327  -10.1948    0.5274    1.6578  -11.1433    0.8784    0.8251
       656  376.3297  375.4821  375.1342  218.8129  225.8949  226.1293  226.4548  224.7144  224.5777   49.5972   26.3104   52.3426  -14.8339   -7.6048  -14.8041    2.5452   -0.4368    0.8459   -7.6419    1.1805    1.5516  -10.1871    1.6173    0.7057
       657  376.0210  375.4898  375.1358  220.0875  226.8880  226.0780  224.4414  224.2223  224.6026   49.7957   26.5949   52.3030  -14.4049   -7.4814  -14.8044   -4.2555    0.5300    0.8226   -4.3539    2.6658    1.4754   -0.0983    2.1357    0.6528
       658  375.2259  375.4374  375.1354  227.0116  226.8809  226.0623  224.4110  224.7899  224.6037   51.8457   26.1116   52.2898  -14.6858   -7.4178  -14.7960   -3.5640    1.1548    0.7498    2.6006    2.0910    1.4585    6.1646    0.9362    0.7087
       659  374.6459  375.3763  375.1356  230.8547  226.3188  226.0369  225.0253  225.1105  224.6322   53.0095   26.2104   52.2784  -15.2019   -7.4616  -14.8040   -1.6169    0.9200    0.6546    5.8294    1.2083    1.4047    7.4463    0.2883    0.7502
       660  374.3802  375.3387  375.1354  235.5389  226.1647  226.0473  220.1473  224.6995  224.5797   54.8079   26.0915   52.2879  -14.4377   -7.3833  -14.7975    7.1593    0.7267    0.6448   15.3916    1.4652    1.4676    8.2323    0.7385    0.8228
       661  374.6089  375.3271  375.1401  232.6277  225.9122  226.0033  224.6015  224.7558  224.5851   53.3620   26.0047   52.2771  -14.6060   -7.3620  -14.7864    6.0058    0.2551    0.5851    8.0262    1.1564    1.4182    2.0204    0.9013    0.8331
       662  374.7663  375.3400  375.1499  229.1311  225.7284  225.9518  224.5073  224.7385  224.5965   51.0894   25.9136   52.2574  -14.3895   -7.3055  -14.7766    6.6533   -0.0128    0.5736    4.6238    0.9899    1.3553   -2.0295    1.0028    0.7817
       663  374.5925  375.3475  375.1573  225.8427  225.6282  225.9867  226.1960  224.7547  224.6522   50.1366   25.9594   52.2619  -14.5277   -7.2795  -14.7670   -1.7100   -0.3633    0.5936   -0.3533    0.8735    1.3345    1.3567    1.2368    0.7409
       664  375.0259  375.3722  375.1620  224.7533  225.6551  225.9944  221.5382  224.4822  224.6212   51.7267   26.0944   52.2669  -14.1723   -7.2493  -14.7636   -4.7436    0.0138    0.6422    3.2151    1.1729    1.3733    7.9587    1.1591    0.7311
       665  375.6672  375.3742  375.1686  222.8873  225.5936  225.9884  225.7261  224.5281  224.6807   52.1921   26.1339   52.2633  -13.2272   -7.1691  -14.7521   -6.0493    0.1639    0.5749   -2.8388    1.0654    1.3077    3.2105    0.9015    0.7328
       666  376.1779  375.3540  375.1725  219.9946  225.4738  225.9969  226.4653  224.8416  224.6930   51.4007   26.0667   52.2629  -13.8958   -7.2259  -14.7452   -0.3541    0.0619    0.5310   -6.4707    0.6322    1.3039   -6.1166    0.5703    0.7729
       667  376.6152  375.3413  375.1865  216.5666  225.3268  225.9857  230.8116  225.0386  224.7641   49.9150   25.9405   52.2717  -15.1856   -7.3354  -14.7485    2.9385    0.2309    0.5244  -14.2450    0.2882    1.2216  -17.1836    0.0573    0.6972
       668  376.4309  375.3499  375.2079  208.4076  224.4431  225.8794  229.9268  225.3335  224.7936   46.5786   25.6572   52.2511  -16.2601   -7.4267  -14.7572   -1.7738   -0.1359    0.4550  -21.5192   -0.8904    1.0858  -19.7454   -0.7545    0.6308
       669  376.2183  375.3661  375.2262  222.6965  224.6575  225.8980  222.3829  225.1643  224.7544   52.3597   25.8679   52.2901  -14.8117   -7.4601  -14.7562   -8.8451   -0.5132    0.3584    0.3136   -0.5068    1.1437    9.1587    0.0063    0.7853
       670  375.8707  375.4209  375.2428  227.9946  224.7410  225.8785  222.6357  225.0135  224.7873   53.5071   25.9102   52.2927  -14.8603   -7.4311  -14.7783   -7.9330   -0.8842    0.3303    5.3589   -0.2726    1.0913   13.2919    0.6117    0.7609
       671  375.1554  375.4628  375.2568  231.9638  224.8322  225.9067  224.3697  224.9597  224.7785   53.4710   25.9071   52.2982  -14.6293   -7.4115  -14.7789    3.2212   -0.4866    0.4569    7.5941   -0.1275    1.1282    4.3729    0.3591    0.6713
       672  374.6665  375.4871  375.2611  234.3756  224.7334  225.9082  224.0971  225.2951  224.7823   53.8360   25.8246   52.2933  -14.4456   -7.4121  -14.7833    7.7947   -0.4326    0.4945   10.2785   -0.5618    1.1259    2.4838   -0.1292    0.6314
       673  374.5282  375.4803  375.2613  233.8861  224.8402  225.8871  225.1604  225.3426  224.8097   53.1862   25.8096   52.2764  -14.9800   -7.4439  -14.7847    7.7546   -0.2841    0.4739    8.7257   -0.5024    1.0774    0.9711   -0.2183    0.6035
       674  374.5049  375.4602  375.2616  232.5799  225.1048  225.8918  223.0437  225.2303  224.7813   52.7051   25.9336   52.2784  -14.9849   -7.4896  -14.7827    4.7838   -0.4275    0.3858    9.5362   -0.1255    1.1106    4.7524    0.3020    0.7248
       675  374.4499  375.4481  375.2646  228.4711  225.3280  225.8739  223.5591  225.0064  224.7768   52.0716   26.4001   52.2789  -14.9582   -7.3790  -14.7817   -2.1233   -0.4626    0.3091    4.9120    0.3217    1.0971    7.0353    0.7843    0.7881
       676  374.8982  375.4376  375.2668  221.7786  225.0835  225.8224  223.4660  225.1648  224.7543   50.9360   26.3037   52.2716  -15.3318   -7.4107  -14.7863   -9.1573   -0.8254    0.2471   -1.6874   -0.0813    1.0681    7.4700    0.7441    0.8211
       677  375.8146  375.4501  375.2766  219.2136  224.7715  225.7901  226.9162  225.2659  224.8446   51.1249   26.3197   52.2687  -14.9985   -7.3824  -14.8040  -10.5479   -1.2074    0.1535   -7.7026   -0.4944    0.9456    2.8453    0.7131    0.7920
       678  376.4515  375.4726  375.2863  219.2779  224.7126  225.7663  222.1828  224.9139  224.7790   51.8954   26.3852   52.2684  -14.5535   -7.3446  -14.8050    3.1714   -0.9177    0.2185   -2.9049   -0.2013    0.9873   -6.0763    0.7164    0.7689
       679  376.5610  375.4680  375.2961  217.1136  224.7591  225.7308  226.4476  224.5433  224.7714   50.0983   26.2325   52.2602  -15.2301   -7.4021  -14.8098    5.4531   -0.7041    0.2003   -9.3340    0.2158    0.9594  -14.7871    0.9199    0.7590
       680  375.9448  375.4267  375.3028  207.1423  224.6516  225.5186  233.3709  224.8358  224.8503   45.1748   25.8144   52.1971  -15.8584   -7.4554  -14.8237   -6.1510   -1.0759    0.0603  -26.2287   -0.1842    0.6683  -20.0776    0.8917    0.6080
       681  375.5879  375.3749  375.3077  215.3765  224.0500  225.3947  227.9870  225.2964  224.9568   48.1582   25.4690   52.1613  -14.9507   -7.4669  -14.8291  -11.0541   -1.2574   -0.1200  -12.6105   -1.2464    0.4379   -1.5564    0.0110    0.5579
       682  375.0418  375.3045  375.3073  229.9353  224.2148  225.4164  218.3276  224.9305  224.8657   54.7054   25.5739   52.1979  -13.5318   -7.3737  -14.8148   -5.4897   -1.0499   -0.1246   11.6077   -0.7157    0.5507   17.0974    0.3342    0.6752
       683  375.0434  375.2953  375.3161  233.5138  224.3422  225.4177  222.6589  224.7899  224.8481   56.0513   25.6882   52.2344  -14.3637   -7.4443  -14.8098   -5.3458   -1.7540   -0.2686   10.8549   -0.4477    0.5697   16.2007    1.3064    0.8383
       684  374.9735  375.3214  375.3232  236.1702  224.4946  225.4281  225.4159  224.9019  224.8626   55.7489   25.8507   52.2620  -14.7814   -7.4728  -14.8144    5.2330   -1.9716   -0.2797   10.7543   -0.4073    0.5654    5.5213    1.5643    0.8451
       685  374.8631  375.3498  375.3288  234.4547  224.5429  225.4268  223.9947  224.8029  224.8577   54.1838   25.9354   52.2788  -14.6791   -7.4473  -14.8205   11.4421   -1.6584   -0.2130   10.4600   -0.2600    0.5690   -0.9821    1.3985    0.7820
       686  374.6469  375.3607  375.3270  229.1833  224.2823  225.4077  223.8851  224.8674  224.8595   51.2729   25.8255   52.2701  -15.0789   -7.4545  -14.8290   10.0172   -1.2570   -0.1329    5.2982   -0.5851    0.5482   -4.7190    0.6719    0.6811
       687  374.5968  375.3732  375.3215  228.6132  224.2944  225.3973  224.2274  224.9242  224.8794   51.9187   26.3983   52.2599  -14.4896   -7.3382  -14.8286   -4.5057   -1.4593   -0.2177    4.3858   -0.6298    0.5179    8.8914    0.8295    0.7356
       688  375.1850  375.3968  375.3273  225.3915  224.5914  225.4171  222.8897  224.8768  224.8780   51.8459   26.3921   52.2686  -13.5564   -7.2590  -14.8070   -4.9742   -1.1155   -0.2403    2.5018   -0.2855    0.5391    7.4759    0.8300    0.7794
       689  375.6040  375.3788  375.3322  220.9250  224.7367  225.4098  226.1841  224.8147  224.8884   51.4084   26.3549   52.2704  -13.3356   -7.2402  -14.7954   -5.9845   -0.7279   -0.2555   -5.2591   -0.0779    0.5213    0.7253    0.6500    0.7768
       690  375.9522  375.3378  375.3322  218.0051  224.6321  225.3940  225.8456  225.1157  224.8798   50.7843   26.3019   52.2638  -14.5331   -7.3419  -14.7977    0.3293   -0.9615   -0.2312   -7.8406   -0.4836    0.5143   -8.1699    0.4779    0.7455
       691  375.7661  375.2703  375.3306  215.4994  224.4950  225.3643  227.9633  225.2444  224.9042   48.9724   26.1480   52.2553  -15.0342   -7.3845  -14.7961    5.3858   -0.9672   -0.2412  -12.4639   -0.7494    0.4601  -17.8497    0.2178    0.7013
       692  375.9667  375.2721  375.3337  209.4576  224.6916  225.2467  228.7602  224.8528  224.9413   47.0408   25.9840   52.2374  -15.2732   -7.4048  -14.7967   -8.9142   -1.2019   -0.4571  -19.3026   -0.1612    0.3054  -10.3884    1.0407    0.7625
       693  375.8746  375.2957  375.3477  223.4466  225.3549  225.2216  218.9989  224.1141  224.8790   52.3652   26.3298   52.2586  -14.4784   -7.3660  -14.7951   -3.1496   -0.5522   -0.4957    4.4477    1.2409    0.3427    7.5973    1.7931    0.8383
       694  375.4206  375.3279  375.3600  228.9340  225.2699  225.2357  224.4682  224.6356  224.8873   53.8414   26.1421   52.2905  -15.8411   -7.4914  -14.8189   -2.4551   -0.2945   -0.4110    4.4658    0.6343    0.3484    6.9209    0.9288    0.7594
       695  374.7026  375.2999  375.3642  232.7753  225.2092  225.2368  224.1864  224.7612  224.8999   53.9670   26.1528   52.2970  -15.7460   -7.4834  -14.8422    6.1896    0.6536   -0.2623    8.5889    0.4480    0.3369    2.3993   -0.2056    0.5992
       696  374.2130  375.2353  375.3644  233.5246  224.9845  225.2140  222.2307  224.4907  224.8647   53.4876   25.9607   52.2849  -15.1430   -7.5141  -14.8544   11.2066    1.1610   -0.1176   11.2939    0.4939    0.3493    0.0874   -0.6671    0.4669
       697  374.2119  375.1800  375.3582  235.3108  225.0572  225.2116  223.0772  224.4127  224.8540   54.0758   25.9515   52.2913  -15.4170   -7.5768  -14.8707    9.1170    0.9635   -0.1489   12.2337    0.6445    0.3576    3.1167   -0.3190    0.5065
       698  374.1372  375.1409  375.3510  232.9027  225.3425  225.1922  224.6103  224.4684  224.8676   52.4594   26.0425   52.2774  -15.2492   -7.5898  -14.8741    6.0707    0.6608   -0.1635    8.2924    0.8742    0.3246    2.2217    0.2134    0.4881
       699  374.3696  375.1216  375.3487  229.7156  225.4362  225.2160  224.8871  224.5244  224.8957   51.5860   26.4286   52.2804  -15.2416   -7.5871  -14.8760    0.3776    1.0755   -0.2025    4.8285    0.9118    0.3203    4.4509   -0.1637    0.5229
       700  374.9104  375.0990  375.3500  222.6780  225.2131  225.1940  222.9774  224.5316  224.8567   50.6726   26.3510   52.2811  -14.7607   -7.5463  -14.8843   -7.5132    0.8668   -0.1822   -0.2994    0.6816    0.3373    7.2138   -0.1853    0.5195
       701  375.7070  375.1078  375.3491  223.1556  225.4026  225.1920  225.0284  224.4335  224.8381   52.4534   26.5022   52.2924  -13.9689   -7.4790  -14.8926   -4.9235    0.9569   -0.1603   -1.8728    0.9692    0.3539    3.0507    0.0123    0.5142
       702  376.1155  375.1212  375.3441  222.0237  225.7329  225.2123  224.4104  224.3155  224.8569   52.4266   26.5000   52.2917  -14.8115   -7.5506  -14.9073    4.4043    1.2919   -0.1060   -2.3867    1.4174    0.3554   -6.7910    0.1256    0.4613
       703  376.2764  375.1646  375.3402  218.7670  226.0104  225.2322  226.5407  224.1947  224.8126   50.8042   26.3622   52.2966  -15.5227   -7.6110  -14.9040    4.2679    1.1969   -0.1189   -7.7738    1.8158    0.4196  -12.0416    0.6189    0.5384
       704  376.0498  375.1716  375.3405  218.0871  226.7433  225.2849  226.1734  223.9750  224.7423   48.8539   26.1965   52.3077  -15.7621   -7.6313  -14.9121    5.1993    2.3956   -0.0910   -8.0864    2.7684    0.5426  -13.2857    0.3728    0.6336
       705  375.2562  375.1208  375.3295  222.6647  226.6791  225.5259  226.7902  224.6153  224.6825   49.9281   25.9962   52.3668  -14.3053   -7.6171  -14.8858   -2.8483    2.4204    0.1255   -4.1255    2.0637    0.8434   -1.2773   -0.3566    0.7179
       706  374.5523  375.0471  375.3076  224.1158  226.2698  225.4753  224.0628  224.5809  224.7901   50.4170   25.6947   52.3063  -14.3453   -7.4981  -14.8836   -7.7466    1.9709    0.1794    0.0530    1.6889    0.6852    7.7995   -0.2820    0.5058
       707  374.2675  375.0113  375.2892  231.1872  226.1393  225.3683  219.2616  224.1761  224.7594   53.1467   25.9265   52.2317  -14.4946   -7.5108  -14.8676   -1.4148    1.3459    0.1358   11.9256    1.9632    0.6089   13.3404    0.6173    0.4731
       708  374.4055  375.0276  375.2820  236.0203  226.3513  225.3457  223.7580  224.3059  224.7386   55.0351   26.0580   52.2118  -14.6651   -7.4702  -14.8558    6.7298    0.9657    0.0898   12.2623    2.0454    0.6071    5.5325    1.0797    0.5172
